Protein,Drug,Cell_lines
Q9P0X4,DB00381,A375
P17405,DB00381,A375
Q00975,DB00381,A375
Q8IZS8,DB00381,A375
Q06432,DB00381,A375
P54289,DB00381,A375
Q9NY47,DB00381,A375
Q8IZS8,DB00381,A375
Q13936,DB00381,A375
Q01668,DB00381,A375
O60840,DB00381,A375
Q13698,DB00381,A375
Q02641,DB00381,A375
Q08289,DB00381,A375
P54284,DB00381,A375
O00305,DB00381,A375
Q00975,DB00381,A375
O00555,DB00381,A375
O43497,DB00381,A375
O95180,DB00381,A375
Q9P0X4,DB00381,A375
Q9P0X4,DB00381,A549
P17405,DB00381,A549
Q00975,DB00381,A549
Q8IZS8,DB00381,A549
Q06432,DB00381,A549
P54289,DB00381,A549
Q9NY47,DB00381,A549
Q8IZS8,DB00381,A549
Q13936,DB00381,A549
Q01668,DB00381,A549
O60840,DB00381,A549
Q13698,DB00381,A549
Q02641,DB00381,A549
Q08289,DB00381,A549
P54284,DB00381,A549
O00305,DB00381,A549
Q00975,DB00381,A549
O00555,DB00381,A549
O43497,DB00381,A549
O95180,DB00381,A549
Q9P0X4,DB00381,A549
Q9P0X4,DB00381,HEPG2
P17405,DB00381,HEPG2
Q00975,DB00381,HEPG2
Q8IZS8,DB00381,HEPG2
Q06432,DB00381,HEPG2
P54289,DB00381,HEPG2
Q9NY47,DB00381,HEPG2
Q8IZS8,DB00381,HEPG2
Q13936,DB00381,HEPG2
Q01668,DB00381,HEPG2
O60840,DB00381,HEPG2
Q13698,DB00381,HEPG2
Q02641,DB00381,HEPG2
Q08289,DB00381,HEPG2
P54284,DB00381,HEPG2
O00305,DB00381,HEPG2
Q00975,DB00381,HEPG2
O00555,DB00381,HEPG2
O43497,DB00381,HEPG2
O95180,DB00381,HEPG2
Q9P0X4,DB00381,HEPG2
Q9P0X4,DB00381,HT29
P17405,DB00381,HT29
Q00975,DB00381,HT29
Q8IZS8,DB00381,HT29
Q06432,DB00381,HT29
P54289,DB00381,HT29
Q9NY47,DB00381,HT29
Q8IZS8,DB00381,HT29
Q13936,DB00381,HT29
Q01668,DB00381,HT29
O60840,DB00381,HT29
Q13698,DB00381,HT29
Q02641,DB00381,HT29
Q08289,DB00381,HT29
P54284,DB00381,HT29
O00305,DB00381,HT29
Q00975,DB00381,HT29
O00555,DB00381,HT29
O43497,DB00381,HT29
O95180,DB00381,HT29
Q9P0X4,DB00381,HT29
Q9P0X4,DB00381,MCF7
P17405,DB00381,MCF7
Q00975,DB00381,MCF7
Q8IZS8,DB00381,MCF7
Q06432,DB00381,MCF7
P54289,DB00381,MCF7
Q9NY47,DB00381,MCF7
Q8IZS8,DB00381,MCF7
Q13936,DB00381,MCF7
Q01668,DB00381,MCF7
O60840,DB00381,MCF7
Q13698,DB00381,MCF7
Q02641,DB00381,MCF7
Q08289,DB00381,MCF7
P54284,DB00381,MCF7
O00305,DB00381,MCF7
Q00975,DB00381,MCF7
O00555,DB00381,MCF7
O43497,DB00381,MCF7
O95180,DB00381,MCF7
Q9P0X4,DB00381,MCF7
Q9P0X4,DB00381,NPC
P17405,DB00381,NPC
Q00975,DB00381,NPC
Q8IZS8,DB00381,NPC
Q06432,DB00381,NPC
P54289,DB00381,NPC
Q9NY47,DB00381,NPC
Q8IZS8,DB00381,NPC
Q13936,DB00381,NPC
Q01668,DB00381,NPC
O60840,DB00381,NPC
Q13698,DB00381,NPC
Q02641,DB00381,NPC
Q08289,DB00381,NPC
P54284,DB00381,NPC
O00305,DB00381,NPC
Q00975,DB00381,NPC
O00555,DB00381,NPC
O43497,DB00381,NPC
O95180,DB00381,NPC
Q9P0X4,DB00381,NPC
Q9P0X4,DB00381,HA1E
P17405,DB00381,HA1E
Q00975,DB00381,HA1E
Q8IZS8,DB00381,HA1E
Q06432,DB00381,HA1E
P54289,DB00381,HA1E
Q9NY47,DB00381,HA1E
Q8IZS8,DB00381,HA1E
Q13936,DB00381,HA1E
Q01668,DB00381,HA1E
O60840,DB00381,HA1E
Q13698,DB00381,HA1E
Q02641,DB00381,HA1E
Q08289,DB00381,HA1E
P54284,DB00381,HA1E
O00305,DB00381,HA1E
Q00975,DB00381,HA1E
O00555,DB00381,HA1E
O43497,DB00381,HA1E
O95180,DB00381,HA1E
Q9P0X4,DB00381,HA1E
Q9P0X4,DB00381,HCC515
P17405,DB00381,HCC515
Q00975,DB00381,HCC515
Q8IZS8,DB00381,HCC515
Q06432,DB00381,HCC515
P54289,DB00381,HCC515
Q9NY47,DB00381,HCC515
Q8IZS8,DB00381,HCC515
Q13936,DB00381,HCC515
Q01668,DB00381,HCC515
O60840,DB00381,HCC515
Q13698,DB00381,HCC515
Q02641,DB00381,HCC515
Q08289,DB00381,HCC515
P54284,DB00381,HCC515
O00305,DB00381,HCC515
Q00975,DB00381,HCC515
O00555,DB00381,HCC515
O43497,DB00381,HCC515
O95180,DB00381,HCC515
Q9P0X4,DB00381,HCC515
Q9P0X4,DB00381,PC3
P17405,DB00381,PC3
Q00975,DB00381,PC3
Q8IZS8,DB00381,PC3
Q06432,DB00381,PC3
P54289,DB00381,PC3
Q9NY47,DB00381,PC3
Q8IZS8,DB00381,PC3
Q13936,DB00381,PC3
Q01668,DB00381,PC3
O60840,DB00381,PC3
Q13698,DB00381,PC3
Q02641,DB00381,PC3
Q08289,DB00381,PC3
P54284,DB00381,PC3
O00305,DB00381,PC3
Q00975,DB00381,PC3
O00555,DB00381,PC3
O43497,DB00381,PC3
O95180,DB00381,PC3
Q9P0X4,DB00381,PC3
Q9P0X4,DB00381,VCAP
P17405,DB00381,VCAP
Q00975,DB00381,VCAP
Q8IZS8,DB00381,VCAP
Q06432,DB00381,VCAP
P54289,DB00381,VCAP
Q9NY47,DB00381,VCAP
Q8IZS8,DB00381,VCAP
Q13936,DB00381,VCAP
Q01668,DB00381,VCAP
O60840,DB00381,VCAP
Q13698,DB00381,VCAP
Q02641,DB00381,VCAP
Q08289,DB00381,VCAP
P54284,DB00381,VCAP
O00305,DB00381,VCAP
Q00975,DB00381,VCAP
O00555,DB00381,VCAP
O43497,DB00381,VCAP
O95180,DB00381,VCAP
Q9P0X4,DB00381,VCAP
Q13936,DB00270,A549
O95180,DB00270,A549
Q08289,DB00270,A549
Q13698,DB00270,A549
Q01668,DB00270,A549
Q9NY47,DB00270,A549
P35348,DB00243,ASC
P35368,DB00243,ASC
P25100,DB00243,ASC
Q13936,DB00243,ASC
Q01668,DB00243,ASC
O60840,DB00243,ASC
Q13698,DB00243,ASC
Q02641,DB00243,ASC
Q08289,DB00243,ASC
P54284,DB00243,ASC
O00305,DB00243,ASC
P35348,DB00243,MCF7
P35368,DB00243,MCF7
P25100,DB00243,MCF7
Q13936,DB00243,MCF7
Q01668,DB00243,MCF7
O60840,DB00243,MCF7
Q13698,DB00243,MCF7
Q02641,DB00243,MCF7
Q08289,DB00243,MCF7
P54284,DB00243,MCF7
O00305,DB00243,MCF7
P35348,DB00243,HA1E
P35368,DB00243,HA1E
P25100,DB00243,HA1E
Q13936,DB00243,HA1E
Q01668,DB00243,HA1E
O60840,DB00243,HA1E
Q13698,DB00243,HA1E
Q02641,DB00243,HA1E
Q08289,DB00243,HA1E
P54284,DB00243,HA1E
O00305,DB00243,HA1E
P35348,DB00243,PC3
P35368,DB00243,PC3
P25100,DB00243,PC3
Q13936,DB00243,PC3
Q01668,DB00243,PC3
O60840,DB00243,PC3
Q13698,DB00243,PC3
Q02641,DB00243,PC3
Q08289,DB00243,PC3
P54284,DB00243,PC3
O00305,DB00243,PC3
P08235,DB00393,A375
O00305,DB00393,A375
O60840,DB00393,A375
P54284,DB00393,A375
P08235,DB00393,NCIH508
O00305,DB00393,NCIH508
O60840,DB00393,NCIH508
P54284,DB00393,NCIH508
P08235,DB00393,SW620
O00305,DB00393,SW620
O60840,DB00393,SW620
P54284,DB00393,SW620
Q01064,DB00622,A375
P54750,DB00622,A375
Q01064,DB00622,EFO27
P54750,DB00622,EFO27
Q01064,DB00622,NCIH1694
P54750,DB00622,NCIH1694
Q01064,DB00622,PC3
P54750,DB00622,PC3
Q01064,DB00622,RMUGS
P54750,DB00622,RMUGS
Q01064,DB00622,SW620
P54750,DB00622,SW620
Q01064,DB00622,SW948
P54750,DB00622,SW948
Q01064,DB00622,U937
P54750,DB00622,U937
Q01064,DB00622,VCAP
P54750,DB00622,VCAP
Q01064,DB00622,MCF7
P54750,DB00622,MCF7
Q9Y233,DB00975,ASC
P53805,DB00975,ASC
Q9Y233,DB00975,MCF7
P53805,DB00975,MCF7
Q14432,DB00235,MCF7
Q14432,DB00235,NPC
Q14432,DB00235,VCAP
Q14432,DB00235,A549
O76074,DB00203,A549
P18545,DB00203,A549
Q13956,DB00203,A549
O76074,DB00203,MCF7
P18545,DB00203,MCF7
Q13956,DB00203,MCF7
O76074,DB00203,VCAP
P18545,DB00203,VCAP
Q13956,DB00203,VCAP
O76074,DB00203,HCC515
P18545,DB00203,HCC515
Q13956,DB00203,HCC515
O76074,DB00203,NCIH596
P18545,DB00203,NCIH596
Q13956,DB00203,NCIH596
O76074,DB00203,SW948
P18545,DB00203,SW948
Q13956,DB00203,SW948
Q9HCR9,DB00820,MCF7
Q09428,DB00839,A549
Q14654,DB00839,A549
Q09428,DB00839,HA1E
Q14654,DB00839,HA1E
Q09428,DB00839,HCC515
Q14654,DB00839,HCC515
Q09428,DB00839,HT29
Q14654,DB00839,HT29
Q09428,DB00839,MCF7
Q14654,DB00839,MCF7
Q09428,DB00839,PC3
Q14654,DB00839,PC3
Q09428,DB00839,VCAP
Q14654,DB00839,VCAP
P23219,DB00154,A375
P35354,DB00154,A375
P23219,DB00154,A549
P35354,DB00154,A549
P23219,DB00154,VCAP
P35354,DB00154,VCAP
P21728,DB00246,HCC515
P21918,DB00246,HCC515
P08912,DB00246,HCC515
P08913,DB00246,HCC515
P46098,DB00246,HCC515
P18825,DB00246,HCC515
P21917,DB00246,HCC515
P08173,DB00246,HCC515
P28223,DB00246,HCC515
P18089,DB00246,HCC515
P35462,DB00246,HCC515
P50406,DB00246,HCC515
P21728,DB00246,HT29
P21918,DB00246,HT29
P08912,DB00246,HT29
P08913,DB00246,HT29
P46098,DB00246,HT29
P18825,DB00246,HT29
P21917,DB00246,HT29
P08173,DB00246,HT29
P28223,DB00246,HT29
P18089,DB00246,HT29
P35462,DB00246,HT29
P50406,DB00246,HT29
P21728,DB00248,HA1E
P21918,DB00248,HA1E
P21728,DB00248,PC3
P21918,DB00248,PC3
P51168,DB00384,A375
P37088,DB00384,A375
P51172,DB00384,A375
P51170,DB00384,A375
P51168,DB00384,A549
P37088,DB00384,A549
P51172,DB00384,A549
P51170,DB00384,A549
P51168,DB00384,PC3
P37088,DB00384,PC3
P51172,DB00384,PC3
P51170,DB00384,PC3
Q9H4B7,DB00309,HT29
Q9H4B7,DB00309,PC3
Q9H4B7,DB00309,VCAP
Q9BTZ2,DB00162,SKB
P10745,DB00162,SKB
P09455,DB00162,SKB
Q8NBN7,DB00162,SKB
Q96NR8,DB00162,SKB
P12271,DB00162,SKB
O95237,DB00162,SKB
O75911,DB00162,SKB
Q6NUM9,DB00162,SKB
Q8TC12,DB00162,SKB
Q9HBH5,DB00162,SKB
Q9NYR8,DB00162,SKB
P05090,DB00162,SKB
Q9BTZ2,DB00162,VCAP
P10745,DB00162,VCAP
P09455,DB00162,VCAP
Q8NBN7,DB00162,VCAP
Q96NR8,DB00162,VCAP
P12271,DB00162,VCAP
O95237,DB00162,VCAP
O75911,DB00162,VCAP
Q6NUM9,DB00162,VCAP
Q8TC12,DB00162,VCAP
Q9HBH5,DB00162,VCAP
Q9NYR8,DB00162,VCAP
P05090,DB00162,VCAP
Q9BTZ2,DB00162,A375
P10745,DB00162,A375
P09455,DB00162,A375
Q8NBN7,DB00162,A375
Q96NR8,DB00162,A375
P12271,DB00162,A375
O95237,DB00162,A375
O75911,DB00162,A375
Q6NUM9,DB00162,A375
Q8TC12,DB00162,A375
Q9HBH5,DB00162,A375
Q9NYR8,DB00162,A375
P05090,DB00162,A375
Q9BTZ2,DB00162,HA1E
P10745,DB00162,HA1E
P09455,DB00162,HA1E
Q8NBN7,DB00162,HA1E
Q96NR8,DB00162,HA1E
P12271,DB00162,HA1E
O95237,DB00162,HA1E
O75911,DB00162,HA1E
Q6NUM9,DB00162,HA1E
Q8TC12,DB00162,HA1E
Q9HBH5,DB00162,HA1E
Q9NYR8,DB00162,HA1E
P05090,DB00162,HA1E
Q9BTZ2,DB00162,HCC515
P10745,DB00162,HCC515
P09455,DB00162,HCC515
Q8NBN7,DB00162,HCC515
Q96NR8,DB00162,HCC515
P12271,DB00162,HCC515
O95237,DB00162,HCC515
O75911,DB00162,HCC515
Q6NUM9,DB00162,HCC515
Q8TC12,DB00162,HCC515
Q9HBH5,DB00162,HCC515
Q9NYR8,DB00162,HCC515
P05090,DB00162,HCC515
Q9BTZ2,DB00162,HCT116
P10745,DB00162,HCT116
P09455,DB00162,HCT116
Q8NBN7,DB00162,HCT116
Q96NR8,DB00162,HCT116
P12271,DB00162,HCT116
O95237,DB00162,HCT116
O75911,DB00162,HCT116
Q6NUM9,DB00162,HCT116
Q8TC12,DB00162,HCT116
Q9HBH5,DB00162,HCT116
Q9NYR8,DB00162,HCT116
P05090,DB00162,HCT116
Q9BTZ2,DB00162,HEPG2
P10745,DB00162,HEPG2
P09455,DB00162,HEPG2
Q8NBN7,DB00162,HEPG2
Q96NR8,DB00162,HEPG2
P12271,DB00162,HEPG2
O95237,DB00162,HEPG2
O75911,DB00162,HEPG2
Q6NUM9,DB00162,HEPG2
Q8TC12,DB00162,HEPG2
Q9HBH5,DB00162,HEPG2
Q9NYR8,DB00162,HEPG2
P05090,DB00162,HEPG2
Q9BTZ2,DB00162,HT29
P10745,DB00162,HT29
P09455,DB00162,HT29
Q8NBN7,DB00162,HT29
Q96NR8,DB00162,HT29
P12271,DB00162,HT29
O95237,DB00162,HT29
O75911,DB00162,HT29
Q6NUM9,DB00162,HT29
Q8TC12,DB00162,HT29
Q9HBH5,DB00162,HT29
Q9NYR8,DB00162,HT29
P05090,DB00162,HT29
Q9BTZ2,DB00162,MCF7
P10745,DB00162,MCF7
P09455,DB00162,MCF7
Q8NBN7,DB00162,MCF7
Q96NR8,DB00162,MCF7
P12271,DB00162,MCF7
O95237,DB00162,MCF7
O75911,DB00162,MCF7
Q6NUM9,DB00162,MCF7
Q8TC12,DB00162,MCF7
Q9HBH5,DB00162,MCF7
Q9NYR8,DB00162,MCF7
P05090,DB00162,MCF7
Q9BTZ2,DB00162,PC3
P10745,DB00162,PC3
P09455,DB00162,PC3
Q8NBN7,DB00162,PC3
Q96NR8,DB00162,PC3
P12271,DB00162,PC3
O95237,DB00162,PC3
O75911,DB00162,PC3
Q6NUM9,DB00162,PC3
Q8TC12,DB00162,PC3
Q9HBH5,DB00162,PC3
Q9NYR8,DB00162,PC3
P05090,DB00162,PC3
Q9BTZ2,DB00162,PL21
P10745,DB00162,PL21
P09455,DB00162,PL21
Q8NBN7,DB00162,PL21
Q96NR8,DB00162,PL21
P12271,DB00162,PL21
O95237,DB00162,PL21
O75911,DB00162,PL21
Q6NUM9,DB00162,PL21
Q8TC12,DB00162,PL21
Q9HBH5,DB00162,PL21
Q9NYR8,DB00162,PL21
P05090,DB00162,PL21
Q9BTZ2,DB00162,RKO
P10745,DB00162,RKO
P09455,DB00162,RKO
Q8NBN7,DB00162,RKO
Q96NR8,DB00162,RKO
P12271,DB00162,RKO
O95237,DB00162,RKO
O75911,DB00162,RKO
Q6NUM9,DB00162,RKO
Q8TC12,DB00162,RKO
Q9HBH5,DB00162,RKO
Q9NYR8,DB00162,RKO
P05090,DB00162,RKO
Q9BTZ2,DB00162,RMUGS
P10745,DB00162,RMUGS
P09455,DB00162,RMUGS
Q8NBN7,DB00162,RMUGS
Q96NR8,DB00162,RMUGS
P12271,DB00162,RMUGS
O95237,DB00162,RMUGS
O75911,DB00162,RMUGS
Q6NUM9,DB00162,RMUGS
Q8TC12,DB00162,RMUGS
Q9HBH5,DB00162,RMUGS
Q9NYR8,DB00162,RMUGS
P05090,DB00162,RMUGS
Q9BTZ2,DB00162,SKM1
P10745,DB00162,SKM1
P09455,DB00162,SKM1
Q8NBN7,DB00162,SKM1
Q96NR8,DB00162,SKM1
P12271,DB00162,SKM1
O95237,DB00162,SKM1
O75911,DB00162,SKM1
Q6NUM9,DB00162,SKM1
Q8TC12,DB00162,SKM1
Q9HBH5,DB00162,SKM1
Q9NYR8,DB00162,SKM1
P05090,DB00162,SKM1
Q9BTZ2,DB00162,SKMEL28
P10745,DB00162,SKMEL28
P09455,DB00162,SKMEL28
Q8NBN7,DB00162,SKMEL28
Q96NR8,DB00162,SKMEL28
P12271,DB00162,SKMEL28
O95237,DB00162,SKMEL28
O75911,DB00162,SKMEL28
Q6NUM9,DB00162,SKMEL28
Q8TC12,DB00162,SKMEL28
Q9HBH5,DB00162,SKMEL28
Q9NYR8,DB00162,SKMEL28
P05090,DB00162,SKMEL28
Q9BTZ2,DB00162,SW620
P10745,DB00162,SW620
P09455,DB00162,SW620
Q8NBN7,DB00162,SW620
Q96NR8,DB00162,SW620
P12271,DB00162,SW620
O95237,DB00162,SW620
O75911,DB00162,SW620
Q6NUM9,DB00162,SW620
Q8TC12,DB00162,SW620
Q9HBH5,DB00162,SW620
Q9NYR8,DB00162,SW620
P05090,DB00162,SW620
Q9BTZ2,DB00162,SW948
P10745,DB00162,SW948
P09455,DB00162,SW948
Q8NBN7,DB00162,SW948
Q96NR8,DB00162,SW948
P12271,DB00162,SW948
O95237,DB00162,SW948
O75911,DB00162,SW948
Q6NUM9,DB00162,SW948
Q8TC12,DB00162,SW948
Q9HBH5,DB00162,SW948
Q9NYR8,DB00162,SW948
P05090,DB00162,SW948
Q9BTZ2,DB00162,THP1
P10745,DB00162,THP1
P09455,DB00162,THP1
Q8NBN7,DB00162,THP1
Q96NR8,DB00162,THP1
P12271,DB00162,THP1
O95237,DB00162,THP1
O75911,DB00162,THP1
Q6NUM9,DB00162,THP1
Q8TC12,DB00162,THP1
Q9HBH5,DB00162,THP1
Q9NYR8,DB00162,THP1
P05090,DB00162,THP1
Q9BTZ2,DB00162,U937
P10745,DB00162,U937
P09455,DB00162,U937
Q8NBN7,DB00162,U937
Q96NR8,DB00162,U937
P12271,DB00162,U937
O95237,DB00162,U937
O75911,DB00162,U937
Q6NUM9,DB00162,U937
Q8TC12,DB00162,U937
Q9HBH5,DB00162,U937
Q9NYR8,DB00162,U937
P05090,DB00162,U937
Q9BTZ2,DB00162,VCAP
P10745,DB00162,VCAP
P09455,DB00162,VCAP
Q8NBN7,DB00162,VCAP
Q96NR8,DB00162,VCAP
P12271,DB00162,VCAP
O95237,DB00162,VCAP
O75911,DB00162,VCAP
Q6NUM9,DB00162,VCAP
Q8TC12,DB00162,VCAP
Q9HBH5,DB00162,VCAP
Q9NYR8,DB00162,VCAP
P05090,DB00162,VCAP
P13716,DB00855,A549
P13716,DB00855,VCAP
Q07869,DB00132,A549
P37231,DB00132,A549
P19793,DB00132,A549
O60427,DB00132,A549
P32418,DB00132,A549
Q03181,DB00132,A549
Q8NER1,DB00132,A549
Q96RI1,DB00132,A549
O95864,DB00132,A549
Q9GZR5,DB00132,A549
Q07869,DB00132,SKB
P37231,DB00132,SKB
P19793,DB00132,SKB
O60427,DB00132,SKB
P32418,DB00132,SKB
Q03181,DB00132,SKB
Q8NER1,DB00132,SKB
Q96RI1,DB00132,SKB
O95864,DB00132,SKB
Q9GZR5,DB00132,SKB
Q15125,DB00675,A375
P17252,DB00675,A375
P05771,DB00675,A375
Q05655,DB00675,A375
Q02156,DB00675,A375
P05129,DB00675,A375
P41743,DB00675,A375
Q04759,DB00675,A375
Q05513,DB00675,A375
Q15125,DB00675,A549
P17252,DB00675,A549
P05771,DB00675,A549
Q05655,DB00675,A549
Q02156,DB00675,A549
P05129,DB00675,A549
P41743,DB00675,A549
Q04759,DB00675,A549
Q05513,DB00675,A549
Q15125,DB00675,HA1E
P17252,DB00675,HA1E
P05771,DB00675,HA1E
Q05655,DB00675,HA1E
Q02156,DB00675,HA1E
P05129,DB00675,HA1E
P41743,DB00675,HA1E
Q04759,DB00675,HA1E
Q05513,DB00675,HA1E
Q15125,DB00675,HT29
P17252,DB00675,HT29
P05771,DB00675,HT29
Q05655,DB00675,HT29
Q02156,DB00675,HT29
P05129,DB00675,HT29
P41743,DB00675,HT29
Q04759,DB00675,HT29
Q05513,DB00675,HT29
Q15125,DB00675,MCF7
P17252,DB00675,MCF7
P05771,DB00675,MCF7
Q05655,DB00675,MCF7
Q02156,DB00675,MCF7
P05129,DB00675,MCF7
P41743,DB00675,MCF7
Q04759,DB00675,MCF7
Q05513,DB00675,MCF7
Q15125,DB00675,RKO
P17252,DB00675,RKO
P05771,DB00675,RKO
Q05655,DB00675,RKO
Q02156,DB00675,RKO
P05129,DB00675,RKO
P41743,DB00675,RKO
Q04759,DB00675,RKO
Q05513,DB00675,RKO
Q15125,DB00675,SW620
P17252,DB00675,SW620
P05771,DB00675,SW620
Q05655,DB00675,SW620
Q02156,DB00675,SW620
P05129,DB00675,SW620
P41743,DB00675,SW620
Q04759,DB00675,SW620
Q05513,DB00675,SW620
Q15125,DB00675,SW948
P17252,DB00675,SW948
P05771,DB00675,SW948
Q05655,DB00675,SW948
Q02156,DB00675,SW948
P05129,DB00675,SW948
P41743,DB00675,SW948
Q04759,DB00675,SW948
Q05513,DB00675,SW948
Q15125,DB00675,VCAP
P17252,DB00675,VCAP
P05771,DB00675,VCAP
Q05655,DB00675,VCAP
Q02156,DB00675,VCAP
P05129,DB00675,VCAP
P41743,DB00675,VCAP
Q04759,DB00675,VCAP
Q05513,DB00675,VCAP
Q15125,DB00675,PC3
P17252,DB00675,PC3
P05771,DB00675,PC3
Q05655,DB00675,PC3
Q02156,DB00675,PC3
P05129,DB00675,PC3
P41743,DB00675,PC3
Q04759,DB00675,PC3
Q05513,DB00675,PC3
P00492,DB00993,A375
P63000,DB00993,A375
P00492,DB00993,HT29
P63000,DB00993,HT29
P00492,DB00993,MCF7
P63000,DB00993,MCF7
P00492,DB00993,PC3
P63000,DB00993,PC3
P00492,DB00993,VCAP
P63000,DB00993,VCAP
Q5T1J1,DB00514,VCAP
O00264,DB00514,VCAP
P04839,DB00514,VCAP
P13498,DB00514,VCAP
P14598,DB00514,VCAP
P19878,DB00514,VCAP
Q15080,DB00514,VCAP
P63000,DB00514,VCAP
P15153,DB00514,VCAP
Q9H244,DB00208,A375
Q9H244,DB00208,A549
Q9H244,DB00208,HA1E
P06746,DB00987,A375
P06746,DB00987,A549
P06746,DB00987,PC3
P06746,DB00987,VCAP
P30536,DB00186,VCAP
P14867,DB00186,VCAP
P47869,DB00186,VCAP
P34903,DB00186,VCAP
P48169,DB00186,VCAP
P31644,DB00186,VCAP
Q16445,DB00186,VCAP
P18505,DB00186,VCAP
P47870,DB00186,VCAP
P28472,DB00186,VCAP
O14764,DB00186,VCAP
P78334,DB00186,VCAP
Q8N1C3,DB00186,VCAP
P18507,DB00186,VCAP
Q99928,DB00186,VCAP
O00591,DB00186,VCAP
Q9UN88,DB00186,VCAP
Q99250,DB00555,PC3
P14867,DB00555,PC3
P47869,DB00555,PC3
P34903,DB00555,PC3
P48169,DB00555,PC3
P31644,DB00555,PC3
Q16445,DB00555,PC3
Q8N1C3,DB00555,PC3
P18507,DB00555,PC3
Q99928,DB00555,PC3
Q15878,DB00555,PC3
P69905,DB00358,MCF7
Q9UKV0,DB00313,COV644
P35498,DB00313,COV644
Q9Y5Y9,DB00313,COV644
Q9UI33,DB00313,COV644
Q99250,DB00313,COV644
Q9NY46,DB00313,COV644
P35499,DB00313,COV644
Q14524,DB00313,COV644
Q01118,DB00313,COV644
Q9UQD0,DB00313,COV644
Q15858,DB00313,COV644
Q07699,DB00313,COV644
O60939,DB00313,COV644
Q9NY72,DB00313,COV644
Q8IWT1,DB00313,COV644
Q9UKV0,DB00313,SW948
P35498,DB00313,SW948
Q9Y5Y9,DB00313,SW948
Q9UI33,DB00313,SW948
Q99250,DB00313,SW948
Q9NY46,DB00313,SW948
P35499,DB00313,SW948
Q14524,DB00313,SW948
Q01118,DB00313,SW948
Q9UQD0,DB00313,SW948
Q15858,DB00313,SW948
Q07699,DB00313,SW948
O60939,DB00313,SW948
Q9NY72,DB00313,SW948
Q8IWT1,DB00313,SW948
Q9Y5Y9,DB00281,MCF7
Q15858,DB00281,MCF7
P35499,DB00281,MCF7
P12821,DB00178,VCAP
P46663,DB00178,VCAP
P10109,DB00648,A549
P15538,DB00648,A549
P10109,DB00648,HT29
P15538,DB00648,HT29
P10109,DB00648,MCF7
P15538,DB00648,MCF7
P10109,DB00648,HA1E
P15538,DB00648,HA1E
P00491,DB00242,A375
P23921,DB00242,A375
P09884,DB00242,A375
P31350,DB00242,A375
Q7LG56,DB00242,A375
Q07864,DB00242,A375
P56282,DB00242,A375
Q9NR33,DB00242,A375
Q9NRF9,DB00242,A375
P00491,DB00242,HT29
P23921,DB00242,HT29
P09884,DB00242,HT29
P31350,DB00242,HT29
Q7LG56,DB00242,HT29
Q07864,DB00242,HT29
P56282,DB00242,HT29
Q9NR33,DB00242,HT29
Q9NRF9,DB00242,HT29
P00491,DB00242,MCF7
P23921,DB00242,MCF7
P09884,DB00242,MCF7
P31350,DB00242,MCF7
Q7LG56,DB00242,MCF7
Q07864,DB00242,MCF7
P56282,DB00242,MCF7
Q9NR33,DB00242,MCF7
Q9NRF9,DB00242,MCF7
P00491,DB00242,PC3
P23921,DB00242,PC3
P09884,DB00242,PC3
P31350,DB00242,PC3
Q7LG56,DB00242,PC3
Q07864,DB00242,PC3
P56282,DB00242,PC3
Q9NR33,DB00242,PC3
Q9NRF9,DB00242,PC3
P00491,DB00242,VCAP
P23921,DB00242,VCAP
P09884,DB00242,VCAP
P31350,DB00242,VCAP
Q7LG56,DB00242,VCAP
Q07864,DB00242,VCAP
P56282,DB00242,VCAP
Q9NR33,DB00242,VCAP
Q9NRF9,DB00242,VCAP
P00491,DB00242,HCC515
P23921,DB00242,HCC515
P09884,DB00242,HCC515
P31350,DB00242,HCC515
Q7LG56,DB00242,HCC515
Q07864,DB00242,HCC515
P56282,DB00242,HCC515
Q9NR33,DB00242,HCC515
Q9NRF9,DB00242,HCC515
P00491,DB00242,HEPG2
P23921,DB00242,HEPG2
P09884,DB00242,HEPG2
P31350,DB00242,HEPG2
Q7LG56,DB00242,HEPG2
Q07864,DB00242,HEPG2
P56282,DB00242,HEPG2
Q9NR33,DB00242,HEPG2
Q9NRF9,DB00242,HEPG2
P55011,DB00214,HA1E
Q13621,DB00214,HA1E
P16050,DB02709,VCAP
P37840,DB02709,VCAP
P11166,DB02709,VCAP
Q86T13,DB02709,VCAP
Q8TCG2,DB02709,VCAP
P08648,DB02709,VCAP
Q92945,DB02709,VCAP
P16050,DB02709,A375
P37840,DB02709,A375
P11166,DB02709,A375
Q86T13,DB02709,A375
Q8TCG2,DB02709,A375
P08648,DB02709,A375
Q92945,DB02709,A375
P16050,DB02709,A549
P37840,DB02709,A549
P11166,DB02709,A549
Q86T13,DB02709,A549
Q8TCG2,DB02709,A549
P08648,DB02709,A549
Q92945,DB02709,A549
P16050,DB02709,HCC515
P37840,DB02709,HCC515
P11166,DB02709,HCC515
Q86T13,DB02709,HCC515
Q8TCG2,DB02709,HCC515
P08648,DB02709,HCC515
Q92945,DB02709,HCC515
P16050,DB02709,HEPG2
P37840,DB02709,HEPG2
P11166,DB02709,HEPG2
Q86T13,DB02709,HEPG2
Q8TCG2,DB02709,HEPG2
P08648,DB02709,HEPG2
Q92945,DB02709,HEPG2
P16050,DB02709,MCF7
P37840,DB02709,MCF7
P11166,DB02709,MCF7
Q86T13,DB02709,MCF7
Q8TCG2,DB02709,MCF7
P08648,DB02709,MCF7
Q92945,DB02709,MCF7
P16050,DB02709,PC3
P37840,DB02709,PC3
P11166,DB02709,PC3
Q86T13,DB02709,PC3
Q8TCG2,DB02709,PC3
P08648,DB02709,PC3
Q92945,DB02709,PC3
P16050,DB02709,MCF7
P37840,DB02709,MCF7
P11166,DB02709,MCF7
Q86T13,DB02709,MCF7
Q8TCG2,DB02709,MCF7
P08648,DB02709,MCF7
Q92945,DB02709,MCF7
P16050,DB02709,SKB
P37840,DB02709,SKB
P11166,DB02709,SKB
Q86T13,DB02709,SKB
Q8TCG2,DB02709,SKB
P08648,DB02709,SKB
Q92945,DB02709,SKB
P16050,DB02709,HA1E
P37840,DB02709,HA1E
P11166,DB02709,HA1E
Q86T13,DB02709,HA1E
Q8TCG2,DB02709,HA1E
P08648,DB02709,HA1E
Q92945,DB02709,HA1E
P16050,DB02709,PC3
P37840,DB02709,PC3
P11166,DB02709,PC3
Q86T13,DB02709,PC3
Q8TCG2,DB02709,PC3
P08648,DB02709,PC3
Q92945,DB02709,PC3
P16050,DB02709,VCAP
P37840,DB02709,VCAP
P11166,DB02709,VCAP
Q86T13,DB02709,VCAP
Q8TCG2,DB02709,VCAP
P08648,DB02709,VCAP
Q92945,DB02709,VCAP
P10828,DB00279,A375
P10827,DB00279,A375
P12004,DB00279,A375
P10828,DB00279,MCF7
P10827,DB00279,MCF7
P12004,DB00279,MCF7
P10828,DB00279,PC3
P10827,DB00279,PC3
P12004,DB00279,PC3
P04818,DB00293,MCF7
P04818,DB00293,PC3
P04818,DB00293,VCAP
P00395,DB02659,A375
P22830,DB02659,A375
P51161,DB02659,A375
P00403,DB02659,A375
P13073,DB02659,A375
P00414,DB02659,A375
P20674,DB02659,A375
P10606,DB02659,A375
P09669,DB02659,A375
P24311,DB02659,A375
P15954,DB02659,A375
P10176,DB02659,A375
Q02221,DB02659,A375
P14854,DB02659,A375
P24310,DB02659,A375
Q7KZA3,DB02659,A375
Q8TDU6,DB02659,A375
P20648,DB00213,MCF7
P19801,DB00594,A375
Q16515,DB00594,A375
P19634,DB00594,A375
P43116,DB00770,MCF7
Q969G6,DB00140,A549
P30043,DB00140,A549
Q969G6,DB00140,PC3
P30043,DB00140,PC3
P04070,DB00170,A375
P22891,DB00170,A375
Q9BQB6,DB00170,A375
P02818,DB00170,A375
P15559,DB00170,A375
Q8N0U8,DB00170,A375
P04070,DB00170,A549
P22891,DB00170,A549
Q9BQB6,DB00170,A549
P02818,DB00170,A549
P15559,DB00170,A549
Q8N0U8,DB00170,A549
P04070,DB00170,ASC
P22891,DB00170,ASC
Q9BQB6,DB00170,ASC
P02818,DB00170,ASC
P15559,DB00170,ASC
Q8N0U8,DB00170,ASC
P04070,DB00170,HEPG2
P22891,DB00170,HEPG2
Q9BQB6,DB00170,HEPG2
P02818,DB00170,HEPG2
P15559,DB00170,HEPG2
Q8N0U8,DB00170,HEPG2
P04070,DB00170,MCF7
P22891,DB00170,MCF7
Q9BQB6,DB00170,MCF7
P02818,DB00170,MCF7
P15559,DB00170,MCF7
Q8N0U8,DB00170,MCF7
P04070,DB00170,NPC
P22891,DB00170,NPC
Q9BQB6,DB00170,NPC
P02818,DB00170,NPC
P15559,DB00170,NPC
Q8N0U8,DB00170,NPC
P04070,DB00170,A673
P22891,DB00170,A673
Q9BQB6,DB00170,A673
P02818,DB00170,A673
P15559,DB00170,A673
Q8N0U8,DB00170,A673
P04070,DB00170,CORL23
P22891,DB00170,CORL23
Q9BQB6,DB00170,CORL23
P02818,DB00170,CORL23
P15559,DB00170,CORL23
Q8N0U8,DB00170,CORL23
P04070,DB00170,EFO27
P22891,DB00170,EFO27
Q9BQB6,DB00170,EFO27
P02818,DB00170,EFO27
P15559,DB00170,EFO27
Q8N0U8,DB00170,EFO27
P04070,DB00170,H1299
P22891,DB00170,H1299
Q9BQB6,DB00170,H1299
P02818,DB00170,H1299
P15559,DB00170,H1299
Q8N0U8,DB00170,H1299
P04070,DB00170,HA1E
P22891,DB00170,HA1E
Q9BQB6,DB00170,HA1E
P02818,DB00170,HA1E
P15559,DB00170,HA1E
Q8N0U8,DB00170,HA1E
P04070,DB00170,HCC515
P22891,DB00170,HCC515
Q9BQB6,DB00170,HCC515
P02818,DB00170,HCC515
P15559,DB00170,HCC515
Q8N0U8,DB00170,HCC515
P04070,DB00170,HEC108
P22891,DB00170,HEC108
Q9BQB6,DB00170,HEC108
P02818,DB00170,HEC108
P15559,DB00170,HEC108
Q8N0U8,DB00170,HEC108
P04070,DB00170,LOVO
P22891,DB00170,LOVO
Q9BQB6,DB00170,LOVO
P02818,DB00170,LOVO
P15559,DB00170,LOVO
Q8N0U8,DB00170,LOVO
P04070,DB00170,MDST8
P22891,DB00170,MDST8
Q9BQB6,DB00170,MDST8
P02818,DB00170,MDST8
P15559,DB00170,MDST8
Q8N0U8,DB00170,MDST8
P04070,DB00170,NCIH1836
P22891,DB00170,NCIH1836
Q9BQB6,DB00170,NCIH1836
P02818,DB00170,NCIH1836
P15559,DB00170,NCIH1836
Q8N0U8,DB00170,NCIH1836
P04070,DB00170,NCIH2073
P22891,DB00170,NCIH2073
Q9BQB6,DB00170,NCIH2073
P02818,DB00170,NCIH2073
P15559,DB00170,NCIH2073
Q8N0U8,DB00170,NCIH2073
P04070,DB00170,NCIH596
P22891,DB00170,NCIH596
Q9BQB6,DB00170,NCIH596
P02818,DB00170,NCIH596
P15559,DB00170,NCIH596
Q8N0U8,DB00170,NCIH596
P04070,DB00170,NOMO1
P22891,DB00170,NOMO1
Q9BQB6,DB00170,NOMO1
P02818,DB00170,NOMO1
P15559,DB00170,NOMO1
Q8N0U8,DB00170,NOMO1
P04070,DB00170,OV7
P22891,DB00170,OV7
Q9BQB6,DB00170,OV7
P02818,DB00170,OV7
P15559,DB00170,OV7
Q8N0U8,DB00170,OV7
P04070,DB00170,PC3
P22891,DB00170,PC3
Q9BQB6,DB00170,PC3
P02818,DB00170,PC3
P15559,DB00170,PC3
Q8N0U8,DB00170,PC3
P04070,DB00170,RKO
P22891,DB00170,RKO
Q9BQB6,DB00170,RKO
P02818,DB00170,RKO
P15559,DB00170,RKO
Q8N0U8,DB00170,RKO
P04070,DB00170,RMGI
P22891,DB00170,RMGI
Q9BQB6,DB00170,RMGI
P02818,DB00170,RMGI
P15559,DB00170,RMGI
Q8N0U8,DB00170,RMGI
P04070,DB00170,RMUGS
P22891,DB00170,RMUGS
Q9BQB6,DB00170,RMUGS
P02818,DB00170,RMUGS
P15559,DB00170,RMUGS
Q8N0U8,DB00170,RMUGS
P04070,DB00170,SKLU1
P22891,DB00170,SKLU1
Q9BQB6,DB00170,SKLU1
P02818,DB00170,SKLU1
P15559,DB00170,SKLU1
Q8N0U8,DB00170,SKLU1
P04070,DB00170,SKM1
P22891,DB00170,SKM1
Q9BQB6,DB00170,SKM1
P02818,DB00170,SKM1
P15559,DB00170,SKM1
Q8N0U8,DB00170,SKM1
P04070,DB00170,SKMEL28
P22891,DB00170,SKMEL28
Q9BQB6,DB00170,SKMEL28
P02818,DB00170,SKMEL28
P15559,DB00170,SKMEL28
Q8N0U8,DB00170,SKMEL28
P04070,DB00170,SNGM
P22891,DB00170,SNGM
Q9BQB6,DB00170,SNGM
P02818,DB00170,SNGM
P15559,DB00170,SNGM
Q8N0U8,DB00170,SNGM
P04070,DB00170,SNUC4
P22891,DB00170,SNUC4
Q9BQB6,DB00170,SNUC4
P02818,DB00170,SNUC4
P15559,DB00170,SNUC4
Q8N0U8,DB00170,SNUC4
P04070,DB00170,SW480
P22891,DB00170,SW480
Q9BQB6,DB00170,SW480
P02818,DB00170,SW480
P15559,DB00170,SW480
Q8N0U8,DB00170,SW480
P04070,DB00170,SW620
P22891,DB00170,SW620
Q9BQB6,DB00170,SW620
P02818,DB00170,SW620
P15559,DB00170,SW620
Q8N0U8,DB00170,SW620
P04070,DB00170,SW948
P22891,DB00170,SW948
Q9BQB6,DB00170,SW948
P02818,DB00170,SW948
P15559,DB00170,SW948
Q8N0U8,DB00170,SW948
P04070,DB00170,THP1
P22891,DB00170,THP1
Q9BQB6,DB00170,THP1
P02818,DB00170,THP1
P15559,DB00170,THP1
Q8N0U8,DB00170,THP1
P04070,DB00170,U937
P22891,DB00170,U937
Q9BQB6,DB00170,U937
P02818,DB00170,U937
P15559,DB00170,U937
Q8N0U8,DB00170,U937
P04070,DB00170,VCAP
P22891,DB00170,VCAP
Q9BQB6,DB00170,VCAP
P02818,DB00170,VCAP
P15559,DB00170,VCAP
Q8N0U8,DB00170,VCAP
P04070,DB00170,WSUDLCL2
P22891,DB00170,WSUDLCL2
Q9BQB6,DB00170,WSUDLCL2
P02818,DB00170,WSUDLCL2
P15559,DB00170,WSUDLCL2
Q8N0U8,DB00170,WSUDLCL2
Q02127,DB01097,PHH
Q14289,DB01097,PHH
Q02127,DB01097,SKB
Q14289,DB01097,SKB
Q02127,DB01097,HA1E
Q14289,DB01097,HA1E
Q02127,DB01097,PC3
Q14289,DB01097,PC3
Q9NZV8,DB00280,A375
Q9UK17,DB00280,A375
P19652,DB00280,A375
Q9NZV8,DB00280,MCF7
Q9UK17,DB00280,MCF7
P19652,DB00280,MCF7
Q9NZV8,DB00280,PC3
Q9UK17,DB00280,PC3
P19652,DB00280,PC3
P41143,DB00193,HCC515
P28335,DB00193,HCC515
P41145,DB00193,HCC515
P35372,DB00193,HCC515
Q693P7,DB00193,HCC515
P55017,DB00436,MCF7
P55017,DB00436,VCAP
P18405,DB00367,VCAP
Q8TDS4,DB00257,MCF7
Q8TDS4,DB00257,PC3
Q8TDS4,DB00257,VCAP
P47712,DB00588,A549
P47712,DB00588,HA1E
P47712,DB00588,HCC515
P47712,DB00588,PC3
Q9NYX4,DB00363,ASC
Q9NYX4,DB00363,HEPG2
Q9NYX4,DB00363,VCAP
P51787,DB01244,VCAP
P51787,DB01244,MCF7
Q14654,DB00222,MCF7
Q14654,DB00222,VCAP
Q14654,DB00222,PC3
Q14654,DB00222,MCF7
Q14654,DB00222,SKB
Q14654,DB00222,HA1E
Q14654,DB01016,AGS
Q15842,DB01016,AGS
Q14654,DB01016,EFO27
Q15842,DB01016,EFO27
Q14654,DB01016,PC3
Q15842,DB01016,PC3
Q14654,DB01016,HT29
Q15842,DB01016,HT29
Q14654,DB01016,VCAP
Q15842,DB01016,VCAP
P04150,DB00180,A549
P04150,DB00180,PHH
P04150,DB00180,HCC515
P04150,DB00180,HEPG2
P04150,DB00180,MCF7
P04150,DB00180,PC3
P04150,DB00180,VCAP
P12931,DB01254,A375
P06241,DB01254,A375
P07947,DB01254,A375
P29317,DB01254,A375
P06239,DB01254,A375
P51692,DB01254,A375
Q16539,DB01254,A375
Q06187,DB01254,A375
P41240,DB01254,A375
P54760,DB01254,A375
P11142,DB01254,A375
P07948,DB01254,A375
P42685,DB01254,A375
P11274,DB01254,A375
P09769,DB01254,A375
P54756,DB01254,A375
Q9NYL2,DB01254,A375
Q92570,DB01254,A375
P12931,DB01254,A549
P06241,DB01254,A549
P07947,DB01254,A549
P29317,DB01254,A549
P06239,DB01254,A549
P51692,DB01254,A549
Q16539,DB01254,A549
Q06187,DB01254,A549
P41240,DB01254,A549
P54760,DB01254,A549
P11142,DB01254,A549
P07948,DB01254,A549
P42685,DB01254,A549
P11274,DB01254,A549
P09769,DB01254,A549
P54756,DB01254,A549
Q9NYL2,DB01254,A549
Q92570,DB01254,A549
P12931,DB01254,ASC
P06241,DB01254,ASC
P07947,DB01254,ASC
P29317,DB01254,ASC
P06239,DB01254,ASC
P51692,DB01254,ASC
Q16539,DB01254,ASC
Q06187,DB01254,ASC
P41240,DB01254,ASC
P54760,DB01254,ASC
P11142,DB01254,ASC
P07948,DB01254,ASC
P42685,DB01254,ASC
P11274,DB01254,ASC
P09769,DB01254,ASC
P54756,DB01254,ASC
Q9NYL2,DB01254,ASC
Q92570,DB01254,ASC
P12931,DB01254,HA1E
P06241,DB01254,HA1E
P07947,DB01254,HA1E
P29317,DB01254,HA1E
P06239,DB01254,HA1E
P51692,DB01254,HA1E
Q16539,DB01254,HA1E
Q06187,DB01254,HA1E
P41240,DB01254,HA1E
P54760,DB01254,HA1E
P11142,DB01254,HA1E
P07948,DB01254,HA1E
P42685,DB01254,HA1E
P11274,DB01254,HA1E
P09769,DB01254,HA1E
P54756,DB01254,HA1E
Q9NYL2,DB01254,HA1E
Q92570,DB01254,HA1E
P12931,DB01254,HT29
P06241,DB01254,HT29
P07947,DB01254,HT29
P29317,DB01254,HT29
P06239,DB01254,HT29
P51692,DB01254,HT29
Q16539,DB01254,HT29
Q06187,DB01254,HT29
P41240,DB01254,HT29
P54760,DB01254,HT29
P11142,DB01254,HT29
P07948,DB01254,HT29
P42685,DB01254,HT29
P11274,DB01254,HT29
P09769,DB01254,HT29
P54756,DB01254,HT29
Q9NYL2,DB01254,HT29
Q92570,DB01254,HT29
P12931,DB01254,MCF7
P06241,DB01254,MCF7
P07947,DB01254,MCF7
P29317,DB01254,MCF7
P06239,DB01254,MCF7
P51692,DB01254,MCF7
Q16539,DB01254,MCF7
Q06187,DB01254,MCF7
P41240,DB01254,MCF7
P54760,DB01254,MCF7
P11142,DB01254,MCF7
P07948,DB01254,MCF7
P42685,DB01254,MCF7
P11274,DB01254,MCF7
P09769,DB01254,MCF7
P54756,DB01254,MCF7
Q9NYL2,DB01254,MCF7
Q92570,DB01254,MCF7
P12931,DB01254,NPC
P06241,DB01254,NPC
P07947,DB01254,NPC
P29317,DB01254,NPC
P06239,DB01254,NPC
P51692,DB01254,NPC
Q16539,DB01254,NPC
Q06187,DB01254,NPC
P41240,DB01254,NPC
P54760,DB01254,NPC
P11142,DB01254,NPC
P07948,DB01254,NPC
P42685,DB01254,NPC
P11274,DB01254,NPC
P09769,DB01254,NPC
P54756,DB01254,NPC
Q9NYL2,DB01254,NPC
Q92570,DB01254,NPC
P12931,DB01254,PC3
P06241,DB01254,PC3
P07947,DB01254,PC3
P29317,DB01254,PC3
P06239,DB01254,PC3
P51692,DB01254,PC3
Q16539,DB01254,PC3
Q06187,DB01254,PC3
P41240,DB01254,PC3
P54760,DB01254,PC3
P11142,DB01254,PC3
P07948,DB01254,PC3
P42685,DB01254,PC3
P11274,DB01254,PC3
P09769,DB01254,PC3
P54756,DB01254,PC3
Q9NYL2,DB01254,PC3
Q92570,DB01254,PC3
P12931,DB01254,SKB
P06241,DB01254,SKB
P07947,DB01254,SKB
P29317,DB01254,SKB
P06239,DB01254,SKB
P51692,DB01254,SKB
Q16539,DB01254,SKB
Q06187,DB01254,SKB
P41240,DB01254,SKB
P54760,DB01254,SKB
P11142,DB01254,SKB
P07948,DB01254,SKB
P42685,DB01254,SKB
P11274,DB01254,SKB
P09769,DB01254,SKB
P54756,DB01254,SKB
Q9NYL2,DB01254,SKB
Q92570,DB01254,SKB
P12931,DB01254,BT20
P06241,DB01254,BT20
P07947,DB01254,BT20
P29317,DB01254,BT20
P06239,DB01254,BT20
P51692,DB01254,BT20
Q16539,DB01254,BT20
Q06187,DB01254,BT20
P41240,DB01254,BT20
P54760,DB01254,BT20
P11142,DB01254,BT20
P07948,DB01254,BT20
P42685,DB01254,BT20
P11274,DB01254,BT20
P09769,DB01254,BT20
P54756,DB01254,BT20
Q9NYL2,DB01254,BT20
Q92570,DB01254,BT20
P12931,DB01254,HCC515
P06241,DB01254,HCC515
P07947,DB01254,HCC515
P29317,DB01254,HCC515
P06239,DB01254,HCC515
P51692,DB01254,HCC515
Q16539,DB01254,HCC515
Q06187,DB01254,HCC515
P41240,DB01254,HCC515
P54760,DB01254,HCC515
P11142,DB01254,HCC515
P07948,DB01254,HCC515
P42685,DB01254,HCC515
P11274,DB01254,HCC515
P09769,DB01254,HCC515
P54756,DB01254,HCC515
Q9NYL2,DB01254,HCC515
Q92570,DB01254,HCC515
P12931,DB01254,HEPG2
P06241,DB01254,HEPG2
P07947,DB01254,HEPG2
P29317,DB01254,HEPG2
P06239,DB01254,HEPG2
P51692,DB01254,HEPG2
Q16539,DB01254,HEPG2
Q06187,DB01254,HEPG2
P41240,DB01254,HEPG2
P54760,DB01254,HEPG2
P11142,DB01254,HEPG2
P07948,DB01254,HEPG2
P42685,DB01254,HEPG2
P11274,DB01254,HEPG2
P09769,DB01254,HEPG2
P54756,DB01254,HEPG2
Q9NYL2,DB01254,HEPG2
Q92570,DB01254,HEPG2
P12931,DB01254,HME1
P06241,DB01254,HME1
P07947,DB01254,HME1
P29317,DB01254,HME1
P06239,DB01254,HME1
P51692,DB01254,HME1
Q16539,DB01254,HME1
Q06187,DB01254,HME1
P41240,DB01254,HME1
P54760,DB01254,HME1
P11142,DB01254,HME1
P07948,DB01254,HME1
P42685,DB01254,HME1
P11274,DB01254,HME1
P09769,DB01254,HME1
P54756,DB01254,HME1
Q9NYL2,DB01254,HME1
Q92570,DB01254,HME1
P12931,DB01254,HS578T
P06241,DB01254,HS578T
P07947,DB01254,HS578T
P29317,DB01254,HS578T
P06239,DB01254,HS578T
P51692,DB01254,HS578T
Q16539,DB01254,HS578T
Q06187,DB01254,HS578T
P41240,DB01254,HS578T
P54760,DB01254,HS578T
P11142,DB01254,HS578T
P07948,DB01254,HS578T
P42685,DB01254,HS578T
P11274,DB01254,HS578T
P09769,DB01254,HS578T
P54756,DB01254,HS578T
Q9NYL2,DB01254,HS578T
Q92570,DB01254,HS578T
P12931,DB01254,MCF10A
P06241,DB01254,MCF10A
P07947,DB01254,MCF10A
P29317,DB01254,MCF10A
P06239,DB01254,MCF10A
P51692,DB01254,MCF10A
Q16539,DB01254,MCF10A
Q06187,DB01254,MCF10A
P41240,DB01254,MCF10A
P54760,DB01254,MCF10A
P11142,DB01254,MCF10A
P07948,DB01254,MCF10A
P42685,DB01254,MCF10A
P11274,DB01254,MCF10A
P09769,DB01254,MCF10A
P54756,DB01254,MCF10A
Q9NYL2,DB01254,MCF10A
Q92570,DB01254,MCF10A
P12931,DB01254,MDAMB231
P06241,DB01254,MDAMB231
P07947,DB01254,MDAMB231
P29317,DB01254,MDAMB231
P06239,DB01254,MDAMB231
P51692,DB01254,MDAMB231
Q16539,DB01254,MDAMB231
Q06187,DB01254,MDAMB231
P41240,DB01254,MDAMB231
P54760,DB01254,MDAMB231
P11142,DB01254,MDAMB231
P07948,DB01254,MDAMB231
P42685,DB01254,MDAMB231
P11274,DB01254,MDAMB231
P09769,DB01254,MDAMB231
P54756,DB01254,MDAMB231
Q9NYL2,DB01254,MDAMB231
Q92570,DB01254,MDAMB231
P12931,DB01254,SKBR3
P06241,DB01254,SKBR3
P07947,DB01254,SKBR3
P29317,DB01254,SKBR3
P06239,DB01254,SKBR3
P51692,DB01254,SKBR3
Q16539,DB01254,SKBR3
Q06187,DB01254,SKBR3
P41240,DB01254,SKBR3
P54760,DB01254,SKBR3
P11142,DB01254,SKBR3
P07948,DB01254,SKBR3
P42685,DB01254,SKBR3
P11274,DB01254,SKBR3
P09769,DB01254,SKBR3
P54756,DB01254,SKBR3
Q9NYL2,DB01254,SKBR3
Q92570,DB01254,SKBR3
P27487,DB01076,MCF7
Q13547,DB05015,A375
Q969S8,DB05015,A375
Q96DB2,DB05015,A375
Q92769,DB05015,A375
O15379,DB05015,A375
P56524,DB05015,A375
Q9UQL6,DB05015,A375
Q9UBN7,DB05015,A375
Q8WUI4,DB05015,A375
Q9BY41,DB05015,A375
Q9UKV0,DB05015,A375
Q13547,DB05015,A549
Q969S8,DB05015,A549
Q96DB2,DB05015,A549
Q92769,DB05015,A549
O15379,DB05015,A549
P56524,DB05015,A549
Q9UQL6,DB05015,A549
Q9UBN7,DB05015,A549
Q8WUI4,DB05015,A549
Q9BY41,DB05015,A549
Q9UKV0,DB05015,A549
Q13547,DB05015,ASC
Q969S8,DB05015,ASC
Q96DB2,DB05015,ASC
Q92769,DB05015,ASC
O15379,DB05015,ASC
P56524,DB05015,ASC
Q9UQL6,DB05015,ASC
Q9UBN7,DB05015,ASC
Q8WUI4,DB05015,ASC
Q9BY41,DB05015,ASC
Q9UKV0,DB05015,ASC
Q13547,DB05015,HA1E
Q969S8,DB05015,HA1E
Q96DB2,DB05015,HA1E
Q92769,DB05015,HA1E
O15379,DB05015,HA1E
P56524,DB05015,HA1E
Q9UQL6,DB05015,HA1E
Q9UBN7,DB05015,HA1E
Q8WUI4,DB05015,HA1E
Q9BY41,DB05015,HA1E
Q9UKV0,DB05015,HA1E
Q13547,DB05015,HCC515
Q969S8,DB05015,HCC515
Q96DB2,DB05015,HCC515
Q92769,DB05015,HCC515
O15379,DB05015,HCC515
P56524,DB05015,HCC515
Q9UQL6,DB05015,HCC515
Q9UBN7,DB05015,HCC515
Q8WUI4,DB05015,HCC515
Q9BY41,DB05015,HCC515
Q9UKV0,DB05015,HCC515
Q13547,DB05015,HEPG2
Q969S8,DB05015,HEPG2
Q96DB2,DB05015,HEPG2
Q92769,DB05015,HEPG2
O15379,DB05015,HEPG2
P56524,DB05015,HEPG2
Q9UQL6,DB05015,HEPG2
Q9UBN7,DB05015,HEPG2
Q8WUI4,DB05015,HEPG2
Q9BY41,DB05015,HEPG2
Q9UKV0,DB05015,HEPG2
Q13547,DB05015,HT29
Q969S8,DB05015,HT29
Q96DB2,DB05015,HT29
Q92769,DB05015,HT29
O15379,DB05015,HT29
P56524,DB05015,HT29
Q9UQL6,DB05015,HT29
Q9UBN7,DB05015,HT29
Q8WUI4,DB05015,HT29
Q9BY41,DB05015,HT29
Q9UKV0,DB05015,HT29
Q13547,DB05015,MCF7
Q969S8,DB05015,MCF7
Q96DB2,DB05015,MCF7
Q92769,DB05015,MCF7
O15379,DB05015,MCF7
P56524,DB05015,MCF7
Q9UQL6,DB05015,MCF7
Q9UBN7,DB05015,MCF7
Q8WUI4,DB05015,MCF7
Q9BY41,DB05015,MCF7
Q9UKV0,DB05015,MCF7
Q13547,DB05015,NEU
Q969S8,DB05015,NEU
Q96DB2,DB05015,NEU
Q92769,DB05015,NEU
O15379,DB05015,NEU
P56524,DB05015,NEU
Q9UQL6,DB05015,NEU
Q9UBN7,DB05015,NEU
Q8WUI4,DB05015,NEU
Q9BY41,DB05015,NEU
Q9UKV0,DB05015,NEU
Q13547,DB05015,NPC
Q969S8,DB05015,NPC
Q96DB2,DB05015,NPC
Q92769,DB05015,NPC
O15379,DB05015,NPC
P56524,DB05015,NPC
Q9UQL6,DB05015,NPC
Q9UBN7,DB05015,NPC
Q8WUI4,DB05015,NPC
Q9BY41,DB05015,NPC
Q9UKV0,DB05015,NPC
Q13547,DB05015,PC3
Q969S8,DB05015,PC3
Q96DB2,DB05015,PC3
Q92769,DB05015,PC3
O15379,DB05015,PC3
P56524,DB05015,PC3
Q9UQL6,DB05015,PC3
Q9UBN7,DB05015,PC3
Q8WUI4,DB05015,PC3
Q9BY41,DB05015,PC3
Q9UKV0,DB05015,PC3
Q13547,DB05015,SKB
Q969S8,DB05015,SKB
Q96DB2,DB05015,SKB
Q92769,DB05015,SKB
O15379,DB05015,SKB
P56524,DB05015,SKB
Q9UQL6,DB05015,SKB
Q9UBN7,DB05015,SKB
Q8WUI4,DB05015,SKB
Q9BY41,DB05015,SKB
Q9UKV0,DB05015,SKB
Q13547,DB05015,VCAP
Q969S8,DB05015,VCAP
Q96DB2,DB05015,VCAP
Q92769,DB05015,VCAP
O15379,DB05015,VCAP
P56524,DB05015,VCAP
Q9UQL6,DB05015,VCAP
Q9UBN7,DB05015,VCAP
Q8WUI4,DB05015,VCAP
Q9BY41,DB05015,VCAP
Q9UKV0,DB05015,VCAP
Q99584,DB00768,PC3
P23297,DB00768,PC3
P04271,DB00768,PC3
P80511,DB00768,PC3
P29034,DB00768,PC3
P26358,DB00928,A375
P26358,DB00928,A549
P26358,DB00928,HT29
P26358,DB00928,MCF7
P26358,DB00928,PC3
P26358,DB00928,VCAP
P26358,DB00928,HCC515
P26358,DB00928,HEPG2
P61073,DB00452,MCF7
P49888,DB01176,PC3
Q9Y5N1,DB00370,PC3
Q9Y5N1,DB00370,VCAP
P17936,DB00523,ASC
Q15238,DB00523,ASC
Q6V0L0,DB00523,ASC
P17936,DB00523,HT29
Q15238,DB00523,HT29
Q6V0L0,DB00523,HT29
P17936,DB00523,MCF7
Q15238,DB00523,MCF7
Q6V0L0,DB00523,MCF7
P17936,DB00523,SKB
Q15238,DB00523,SKB
Q6V0L0,DB00523,SKB
P17936,DB00523,VCAP
Q15238,DB00523,VCAP
Q6V0L0,DB00523,VCAP
P17936,DB00523,PC3
Q15238,DB00523,PC3
Q6V0L0,DB00523,PC3
P16860,DB01136,HCC515
P16581,DB01136,HCC515
P17302,DB01136,HCC515
Q16665,DB01136,HCC515
P48050,DB01136,HCC515
P16860,DB01136,PC3
P16581,DB01136,PC3
P17302,DB01136,PC3
Q16665,DB01136,PC3
P48050,DB01136,PC3
P16860,DB01136,VCAP
P16581,DB01136,VCAP
P17302,DB01136,VCAP
Q16665,DB01136,VCAP
P48050,DB01136,VCAP
Q7L0J3,DB01202,PC3
Q7L0J3,DB01202,A549
Q7L0J3,DB01202,VCAP
Q13464,DB04707,MCF7
O43923,DB01039,HA1E
P05107,DB00641,A375
P05107,DB00641,A549
P05107,DB00641,ASC
P05107,DB00641,MCF7
P05107,DB00641,HA1E
P05107,DB00641,HCC515
P05107,DB00641,HEPG2
P05107,DB00641,PC3
P05107,DB00641,VCAP
P05107,DB00641,HCC15
P05107,DB00641,RKO
P15502,DB00533,PC3
P27361,DB00605,HCC515
O60218,DB00605,HCC515
Q9UNQ0,DB00482,A549
O15530,DB00482,A549
Q2M3G0,DB00482,A549
Q9UNQ0,DB00482,MCF7
O15530,DB00482,MCF7
Q2M3G0,DB00482,MCF7
Q9UNQ0,DB00482,PC3
O15530,DB00482,PC3
Q2M3G0,DB00482,PC3
Q9UNQ0,DB00482,VCAP
O15530,DB00482,VCAP
Q2M3G0,DB00482,VCAP
P19838,DB01041,A549
P19838,DB01041,HCC515
P19838,DB01041,RMUGS
P53779,DB01782,HT29
Q9UQF2,DB01782,HT29
P45983,DB01782,HT29
P33981,DB01782,HT29
P53779,DB01782,NPC
Q9UQF2,DB01782,NPC
P45983,DB01782,NPC
P33981,DB01782,NPC
P53779,DB01782,HCC515
Q9UQF2,DB01782,HCC515
P45983,DB01782,HCC515
P33981,DB01782,HCC515
P53779,DB01782,VCAP
Q9UQF2,DB01782,VCAP
P45983,DB01782,VCAP
P33981,DB01782,VCAP
P53779,DB01782,HEPG2
Q9UQF2,DB01782,HEPG2
P45983,DB01782,HEPG2
P33981,DB01782,HEPG2
P53779,DB01782,MCF7
Q9UQF2,DB01782,MCF7
P45983,DB01782,MCF7
P33981,DB01782,MCF7
Q16678,DB01645,HA1E
Q15788,DB01645,HA1E
Q16678,DB01645,HT29
Q15788,DB01645,HT29
Q16678,DB01645,SKB
Q15788,DB01645,SKB
Q16678,DB01645,VCAP
Q15788,DB01645,VCAP
P07686,DB00205,A549
P07686,DB00205,MCF7
P07686,DB00205,PC3
P07686,DB00205,VCAP
Q9NR96,DB00608,AGS
P63104,DB12695,A375
O43169,DB12695,A375
P10599,DB12695,A375
P62736,DB12695,A375
P09936,DB12695,A375
P56385,DB12695,A375
Q9NR28,DB12695,A375
Q8TF61,DB12695,A375
P52597,DB12695,A375
P34932,DB12695,A375
P61604,DB12695,A375
Q92598,DB12695,A375
Q9Y266,DB12695,A375
Q13219,DB12695,A375
P17980,DB12695,A375
P60903,DB12695,A375
Q12874,DB12695,A375
Q969G3,DB12695,A375
O43399,DB12695,A375
P06753,DB12695,A375
P67936,DB12695,A375
P54578,DB12695,A375
Q04917,DB12695,A375
P27348,DB12695,A375
P63104,DB12695,H1299
O43169,DB12695,H1299
P10599,DB12695,H1299
P62736,DB12695,H1299
P09936,DB12695,H1299
P56385,DB12695,H1299
Q9NR28,DB12695,H1299
Q8TF61,DB12695,H1299
P52597,DB12695,H1299
P34932,DB12695,H1299
P61604,DB12695,H1299
Q92598,DB12695,H1299
Q9Y266,DB12695,H1299
Q13219,DB12695,H1299
P17980,DB12695,H1299
P60903,DB12695,H1299
Q12874,DB12695,H1299
Q969G3,DB12695,H1299
O43399,DB12695,H1299
P06753,DB12695,H1299
P67936,DB12695,H1299
P54578,DB12695,H1299
Q04917,DB12695,H1299
P27348,DB12695,H1299
P63104,DB12695,HA1E
O43169,DB12695,HA1E
P10599,DB12695,HA1E
P62736,DB12695,HA1E
P09936,DB12695,HA1E
P56385,DB12695,HA1E
Q9NR28,DB12695,HA1E
Q8TF61,DB12695,HA1E
P52597,DB12695,HA1E
P34932,DB12695,HA1E
P61604,DB12695,HA1E
Q92598,DB12695,HA1E
Q9Y266,DB12695,HA1E
Q13219,DB12695,HA1E
P17980,DB12695,HA1E
P60903,DB12695,HA1E
Q12874,DB12695,HA1E
Q969G3,DB12695,HA1E
O43399,DB12695,HA1E
P06753,DB12695,HA1E
P67936,DB12695,HA1E
P54578,DB12695,HA1E
Q04917,DB12695,HA1E
P27348,DB12695,HA1E
P63104,DB12695,HEPG2
O43169,DB12695,HEPG2
P10599,DB12695,HEPG2
P62736,DB12695,HEPG2
P09936,DB12695,HEPG2
P56385,DB12695,HEPG2
Q9NR28,DB12695,HEPG2
Q8TF61,DB12695,HEPG2
P52597,DB12695,HEPG2
P34932,DB12695,HEPG2
P61604,DB12695,HEPG2
Q92598,DB12695,HEPG2
Q9Y266,DB12695,HEPG2
Q13219,DB12695,HEPG2
P17980,DB12695,HEPG2
P60903,DB12695,HEPG2
Q12874,DB12695,HEPG2
Q969G3,DB12695,HEPG2
O43399,DB12695,HEPG2
P06753,DB12695,HEPG2
P67936,DB12695,HEPG2
P54578,DB12695,HEPG2
Q04917,DB12695,HEPG2
P27348,DB12695,HEPG2
P63104,DB12695,LOVO
O43169,DB12695,LOVO
P10599,DB12695,LOVO
P62736,DB12695,LOVO
P09936,DB12695,LOVO
P56385,DB12695,LOVO
Q9NR28,DB12695,LOVO
Q8TF61,DB12695,LOVO
P52597,DB12695,LOVO
P34932,DB12695,LOVO
P61604,DB12695,LOVO
Q92598,DB12695,LOVO
Q9Y266,DB12695,LOVO
Q13219,DB12695,LOVO
P17980,DB12695,LOVO
P60903,DB12695,LOVO
Q12874,DB12695,LOVO
Q969G3,DB12695,LOVO
O43399,DB12695,LOVO
P06753,DB12695,LOVO
P67936,DB12695,LOVO
P54578,DB12695,LOVO
Q04917,DB12695,LOVO
P27348,DB12695,LOVO
P63104,DB12695,MCF7
O43169,DB12695,MCF7
P10599,DB12695,MCF7
P62736,DB12695,MCF7
P09936,DB12695,MCF7
P56385,DB12695,MCF7
Q9NR28,DB12695,MCF7
Q8TF61,DB12695,MCF7
P52597,DB12695,MCF7
P34932,DB12695,MCF7
P61604,DB12695,MCF7
Q92598,DB12695,MCF7
Q9Y266,DB12695,MCF7
Q13219,DB12695,MCF7
P17980,DB12695,MCF7
P60903,DB12695,MCF7
Q12874,DB12695,MCF7
Q969G3,DB12695,MCF7
O43399,DB12695,MCF7
P06753,DB12695,MCF7
P67936,DB12695,MCF7
P54578,DB12695,MCF7
Q04917,DB12695,MCF7
P27348,DB12695,MCF7
P63104,DB12695,PC3
O43169,DB12695,PC3
P10599,DB12695,PC3
P62736,DB12695,PC3
P09936,DB12695,PC3
P56385,DB12695,PC3
Q9NR28,DB12695,PC3
Q8TF61,DB12695,PC3
P52597,DB12695,PC3
P34932,DB12695,PC3
P61604,DB12695,PC3
Q92598,DB12695,PC3
Q9Y266,DB12695,PC3
Q13219,DB12695,PC3
P17980,DB12695,PC3
P60903,DB12695,PC3
Q12874,DB12695,PC3
Q969G3,DB12695,PC3
O43399,DB12695,PC3
P06753,DB12695,PC3
P67936,DB12695,PC3
P54578,DB12695,PC3
Q04917,DB12695,PC3
P27348,DB12695,PC3
P63104,DB12695,SKM1
O43169,DB12695,SKM1
P10599,DB12695,SKM1
P62736,DB12695,SKM1
P09936,DB12695,SKM1
P56385,DB12695,SKM1
Q9NR28,DB12695,SKM1
Q8TF61,DB12695,SKM1
P52597,DB12695,SKM1
P34932,DB12695,SKM1
P61604,DB12695,SKM1
Q92598,DB12695,SKM1
Q9Y266,DB12695,SKM1
Q13219,DB12695,SKM1
P17980,DB12695,SKM1
P60903,DB12695,SKM1
Q12874,DB12695,SKM1
Q969G3,DB12695,SKM1
O43399,DB12695,SKM1
P06753,DB12695,SKM1
P67936,DB12695,SKM1
P54578,DB12695,SKM1
Q04917,DB12695,SKM1
P27348,DB12695,SKM1
P63104,DB12695,SKMEL28
O43169,DB12695,SKMEL28
P10599,DB12695,SKMEL28
P62736,DB12695,SKMEL28
P09936,DB12695,SKMEL28
P56385,DB12695,SKMEL28
Q9NR28,DB12695,SKMEL28
Q8TF61,DB12695,SKMEL28
P52597,DB12695,SKMEL28
P34932,DB12695,SKMEL28
P61604,DB12695,SKMEL28
Q92598,DB12695,SKMEL28
Q9Y266,DB12695,SKMEL28
Q13219,DB12695,SKMEL28
P17980,DB12695,SKMEL28
P60903,DB12695,SKMEL28
Q12874,DB12695,SKMEL28
Q969G3,DB12695,SKMEL28
O43399,DB12695,SKMEL28
P06753,DB12695,SKMEL28
P67936,DB12695,SKMEL28
P54578,DB12695,SKMEL28
Q04917,DB12695,SKMEL28
P27348,DB12695,SKMEL28
P63104,DB12695,SW620
O43169,DB12695,SW620
P10599,DB12695,SW620
P62736,DB12695,SW620
P09936,DB12695,SW620
P56385,DB12695,SW620
Q9NR28,DB12695,SW620
Q8TF61,DB12695,SW620
P52597,DB12695,SW620
P34932,DB12695,SW620
P61604,DB12695,SW620
Q92598,DB12695,SW620
Q9Y266,DB12695,SW620
Q13219,DB12695,SW620
P17980,DB12695,SW620
P60903,DB12695,SW620
Q12874,DB12695,SW620
Q969G3,DB12695,SW620
O43399,DB12695,SW620
P06753,DB12695,SW620
P67936,DB12695,SW620
P54578,DB12695,SW620
Q04917,DB12695,SW620
P27348,DB12695,SW620
P63104,DB12695,SW948
O43169,DB12695,SW948
P10599,DB12695,SW948
P62736,DB12695,SW948
P09936,DB12695,SW948
P56385,DB12695,SW948
Q9NR28,DB12695,SW948
Q8TF61,DB12695,SW948
P52597,DB12695,SW948
P34932,DB12695,SW948
P61604,DB12695,SW948
Q92598,DB12695,SW948
Q9Y266,DB12695,SW948
Q13219,DB12695,SW948
P17980,DB12695,SW948
P60903,DB12695,SW948
Q12874,DB12695,SW948
Q969G3,DB12695,SW948
O43399,DB12695,SW948
P06753,DB12695,SW948
P67936,DB12695,SW948
P54578,DB12695,SW948
Q04917,DB12695,SW948
P27348,DB12695,SW948
P63104,DB12695,U937
O43169,DB12695,U937
P10599,DB12695,U937
P62736,DB12695,U937
P09936,DB12695,U937
P56385,DB12695,U937
Q9NR28,DB12695,U937
Q8TF61,DB12695,U937
P52597,DB12695,U937
P34932,DB12695,U937
P61604,DB12695,U937
Q92598,DB12695,U937
Q9Y266,DB12695,U937
Q13219,DB12695,U937
P17980,DB12695,U937
P60903,DB12695,U937
Q12874,DB12695,U937
Q969G3,DB12695,U937
O43399,DB12695,U937
P06753,DB12695,U937
P67936,DB12695,U937
P54578,DB12695,U937
Q04917,DB12695,U937
P27348,DB12695,U937
P63104,DB12695,VCAP
O43169,DB12695,VCAP
P10599,DB12695,VCAP
P62736,DB12695,VCAP
P09936,DB12695,VCAP
P56385,DB12695,VCAP
Q9NR28,DB12695,VCAP
Q8TF61,DB12695,VCAP
P52597,DB12695,VCAP
P34932,DB12695,VCAP
P61604,DB12695,VCAP
Q92598,DB12695,VCAP
Q9Y266,DB12695,VCAP
Q13219,DB12695,VCAP
P17980,DB12695,VCAP
P60903,DB12695,VCAP
Q12874,DB12695,VCAP
Q969G3,DB12695,VCAP
O43399,DB12695,VCAP
P06753,DB12695,VCAP
P67936,DB12695,VCAP
P54578,DB12695,VCAP
Q04917,DB12695,VCAP
P27348,DB12695,VCAP
Q99808,DB00197,PC3
P62508,DB00197,PC3
P11474,DB00197,PC3
Q99808,DB00197,HT115
P62508,DB00197,HT115
P11474,DB00197,HT115
Q99808,DB00197,HT29
P62508,DB00197,HT29
P11474,DB00197,HT29
P08519,DB00513,MCF7
P43403,DB02010,A375
P48736,DB02010,A375
P43405,DB02010,A375
Q08881,DB02010,A375
P49137,DB02010,A375
Q04759,DB02010,A375
P43403,DB02010,A549
P48736,DB02010,A549
P43405,DB02010,A549
Q08881,DB02010,A549
P49137,DB02010,A549
Q04759,DB02010,A549
P43403,DB02010,HA1E
P48736,DB02010,HA1E
P43405,DB02010,HA1E
Q08881,DB02010,HA1E
P49137,DB02010,HA1E
Q04759,DB02010,HA1E
P43403,DB02010,HCC515
P48736,DB02010,HCC515
P43405,DB02010,HCC515
Q08881,DB02010,HCC515
P49137,DB02010,HCC515
Q04759,DB02010,HCC515
P43403,DB02010,HEPG2
P48736,DB02010,HEPG2
P43405,DB02010,HEPG2
Q08881,DB02010,HEPG2
P49137,DB02010,HEPG2
Q04759,DB02010,HEPG2
P43403,DB02010,HT29
P48736,DB02010,HT29
P43405,DB02010,HT29
Q08881,DB02010,HT29
P49137,DB02010,HT29
Q04759,DB02010,HT29
P43403,DB02010,MCF7
P48736,DB02010,MCF7
P43405,DB02010,MCF7
Q08881,DB02010,MCF7
P49137,DB02010,MCF7
Q04759,DB02010,MCF7
P43403,DB02010,PC3
P48736,DB02010,PC3
P43405,DB02010,PC3
Q08881,DB02010,PC3
P49137,DB02010,PC3
Q04759,DB02010,PC3
Q71U36,DB00518,A375
P68371,DB00518,A375
Q71U36,DB00518,A549
P68371,DB00518,A549
Q71U36,DB00518,HT29
P68371,DB00518,HT29
Q71U36,DB00518,MCF7
P68371,DB00518,MCF7
Q71U36,DB00518,NPC
P68371,DB00518,NPC
Q71U36,DB00518,HA1E
P68371,DB00518,HA1E
Q71U36,DB00518,HCC515
P68371,DB00518,HCC515
Q71U36,DB00518,PC3
P68371,DB00518,PC3
Q71U36,DB00518,VCAP
P68371,DB00518,VCAP
P08631,DB01809,ASC
P08631,DB01809,HT29
P08631,DB01809,MCF7
P08631,DB01809,NPC
P08631,DB01809,SKB
P08631,DB01809,HA1E
P08631,DB01809,HCC515
P08631,DB01809,PC3
P08631,DB01809,VCAP
P55055,DB03791,A549
P55055,DB03791,ASC
P55055,DB03791,HA1E
P55055,DB03791,HCC515
P55055,DB03791,PC3
P14555,DB00328,A375
Q8N8N7,DB00328,A375
Q9Y5Y4,DB00328,A375
P14555,DB00328,PC3
Q8N8N7,DB00328,PC3
Q9Y5Y4,DB00328,PC3
P09960,DB01197,HT29
Q05315,DB02967,A375
Q05315,DB02967,MCF7
Q05315,DB02967,VCAP
P50750,DB03496,A375
Q00534,DB03496,A375
P49336,DB03496,A375
P50750,DB03496,A549
Q00534,DB03496,A549
P49336,DB03496,A549
P50750,DB03496,ASC
Q00534,DB03496,ASC
P49336,DB03496,ASC
P50750,DB03496,HA1E
Q00534,DB03496,HA1E
P49336,DB03496,HA1E
P50750,DB03496,HCC515
Q00534,DB03496,HCC515
P49336,DB03496,HCC515
P50750,DB03496,HT29
Q00534,DB03496,HT29
P49336,DB03496,HT29
P50750,DB03496,MCF7
Q00534,DB03496,MCF7
P49336,DB03496,MCF7
P50750,DB03496,NPC
Q00534,DB03496,NPC
P49336,DB03496,NPC
P50750,DB03496,PC3
Q00534,DB03496,PC3
P49336,DB03496,PC3
P50750,DB03496,PHH
Q00534,DB03496,PHH
P49336,DB03496,PHH
P50750,DB03496,SKB
Q00534,DB03496,SKB
P49336,DB03496,SKB
P50750,DB03496,HEPG2
Q00534,DB03496,HEPG2
P49336,DB03496,HEPG2
P50750,DB03496,VCAP
Q00534,DB03496,VCAP
P49336,DB03496,VCAP
P50750,DB03496,BT20
Q00534,DB03496,BT20
P49336,DB03496,BT20
P50750,DB03496,HME1
Q00534,DB03496,HME1
P49336,DB03496,HME1
P50750,DB03496,HS578T
Q00534,DB03496,HS578T
P49336,DB03496,HS578T
P50750,DB03496,LNCAP
Q00534,DB03496,LNCAP
P49336,DB03496,LNCAP
P50750,DB03496,MCF10A
Q00534,DB03496,MCF10A
P49336,DB03496,MCF10A
P50750,DB03496,MDAMB231
Q00534,DB03496,MDAMB231
P49336,DB03496,MDAMB231
P50750,DB03496,SKBR3
Q00534,DB03496,SKBR3
P49336,DB03496,SKBR3
Q92769,DB00227,A549
Q92769,DB00227,MCF7
Q92769,DB00227,NPC
Q92769,DB00227,HA1E
Q92769,DB00227,HCC515
Q92769,DB00227,PC3
Q92769,DB00227,HEPG2
Q92769,DB00227,VCAP
O15379,DB02546,A375
Q9UBN7,DB02546,A375
O15379,DB02546,A549
Q9UBN7,DB02546,A549
O15379,DB02546,A673
Q9UBN7,DB02546,A673
O15379,DB02546,AGS
Q9UBN7,DB02546,AGS
O15379,DB02546,ASC
Q9UBN7,DB02546,ASC
O15379,DB02546,CL34
Q9UBN7,DB02546,CL34
O15379,DB02546,CORL23
Q9UBN7,DB02546,CORL23
O15379,DB02546,COV644
Q9UBN7,DB02546,COV644
O15379,DB02546,DV90
Q9UBN7,DB02546,DV90
O15379,DB02546,EFO27
Q9UBN7,DB02546,EFO27
O15379,DB02546,H1299
Q9UBN7,DB02546,H1299
O15379,DB02546,HA1E
Q9UBN7,DB02546,HA1E
O15379,DB02546,HCC15
Q9UBN7,DB02546,HCC15
O15379,DB02546,HCC515
Q9UBN7,DB02546,HCC515
O15379,DB02546,HCT116
Q9UBN7,DB02546,HCT116
O15379,DB02546,HEC108
Q9UBN7,DB02546,HEC108
O15379,DB02546,HEPG2
Q9UBN7,DB02546,HEPG2
O15379,DB02546,HT115
Q9UBN7,DB02546,HT115
O15379,DB02546,HT29
Q9UBN7,DB02546,HT29
O15379,DB02546,JHUEM2
Q9UBN7,DB02546,JHUEM2
O15379,DB02546,LOVO
Q9UBN7,DB02546,LOVO
O15379,DB02546,MCF7
Q9UBN7,DB02546,MCF7
O15379,DB02546,MDST8
Q9UBN7,DB02546,MDST8
O15379,DB02546,NCIH1694
Q9UBN7,DB02546,NCIH1694
O15379,DB02546,NCIH1836
Q9UBN7,DB02546,NCIH1836
O15379,DB02546,NCIH2073
Q9UBN7,DB02546,NCIH2073
O15379,DB02546,NCIH508
Q9UBN7,DB02546,NCIH508
O15379,DB02546,NCIH596
Q9UBN7,DB02546,NCIH596
O15379,DB02546,NEU
Q9UBN7,DB02546,NEU
O15379,DB02546,NOMO1
Q9UBN7,DB02546,NOMO1
O15379,DB02546,NPC
Q9UBN7,DB02546,NPC
O15379,DB02546,OV7
Q9UBN7,DB02546,OV7
O15379,DB02546,PC3
Q9UBN7,DB02546,PC3
O15379,DB02546,PHH
Q9UBN7,DB02546,PHH
O15379,DB02546,PL21
Q9UBN7,DB02546,PL21
O15379,DB02546,RKO
Q9UBN7,DB02546,RKO
O15379,DB02546,RMGI
Q9UBN7,DB02546,RMGI
O15379,DB02546,RMUGS
Q9UBN7,DB02546,RMUGS
O15379,DB02546,SKB
Q9UBN7,DB02546,SKB
O15379,DB02546,SKLU1
Q9UBN7,DB02546,SKLU1
O15379,DB02546,SKM1
Q9UBN7,DB02546,SKM1
O15379,DB02546,SKMEL1
Q9UBN7,DB02546,SKMEL1
O15379,DB02546,SKMEL28
Q9UBN7,DB02546,SKMEL28
O15379,DB02546,SNGM
Q9UBN7,DB02546,SNGM
O15379,DB02546,SNUC4
Q9UBN7,DB02546,SNUC4
O15379,DB02546,SNUC5
Q9UBN7,DB02546,SNUC5
O15379,DB02546,SW480
Q9UBN7,DB02546,SW480
O15379,DB02546,SW620
Q9UBN7,DB02546,SW620
O15379,DB02546,SW948
Q9UBN7,DB02546,SW948
O15379,DB02546,T3M10
Q9UBN7,DB02546,T3M10
O15379,DB02546,THP1
Q9UBN7,DB02546,THP1
O15379,DB02546,TYKNU
Q9UBN7,DB02546,TYKNU
O15379,DB02546,U937
Q9UBN7,DB02546,U937
O15379,DB02546,VCAP
Q9UBN7,DB02546,VCAP
O15379,DB02546,WSUDLCL2
Q9UBN7,DB02546,WSUDLCL2
Q02880,DB00380,A549
Q02880,DB00380,PC3
Q02880,DB00380,VCAP
P27707,DB01073,A549
P27707,DB01073,VCAP
P27707,DB01073,A375
P27707,DB01073,PC3
P12429,DB00591,A549
P08758,DB00591,A549
P09525,DB00591,A549
P12429,DB00591,HA1E
P08758,DB00591,HA1E
P09525,DB00591,HA1E
P12429,DB00591,HCC515
P08758,DB00591,HCC515
P09525,DB00591,HCC515
Q16769,DB04581,VCAP
P78368,DB03083,A549
P78368,DB03083,ASC
P78368,DB03083,HEPG2
P78368,DB03083,HT29
P78368,DB03083,MCF7
P78368,DB03083,NPC
P78368,DB03083,PHH
P78368,DB03083,HA1E
P78368,DB03083,HCC515
P78368,DB03083,PC3
P78368,DB03083,VCAP
P30291,DB04608,A375
P30291,DB04608,A549
P30291,DB04608,ASC
P30291,DB04608,HEPG2
P30291,DB04608,HT29
P30291,DB04608,MCF7
P30291,DB04608,NPC
P30291,DB04608,SKB
P30291,DB04608,HA1E
P30291,DB04608,HCC515
P30291,DB04608,PC3
P30291,DB04608,VCAP
P11509,DB04665,HEPG2
P33151,DB00480,A549
O14788,DB00480,A549
Q96SW2,DB00480,A549
P33151,DB00480,HCC515
O14788,DB00480,HCC515
Q96SW2,DB00480,HCC515
O15392,DB00206,A375
P54219,DB00206,A375
O15392,DB00206,HT29
P54219,DB00206,HT29
O15392,DB00206,MCF7
P54219,DB00206,MCF7
O15392,DB00206,HA1E
P54219,DB00206,HA1E
O15392,DB00206,HCC515
P54219,DB00206,HCC515
Q13233,DB06061,A375
Q13233,DB06061,A549
Q13233,DB06061,BT20
Q13233,DB06061,HA1E
Q13233,DB06061,HCC515
Q13233,DB06061,HEPG2
Q13233,DB06061,HS578T
Q13233,DB06061,HT29
Q13233,DB06061,MCF10A
Q13233,DB06061,MCF7
Q13233,DB06061,MDAMB231
Q13233,DB06061,SKBR3
Q99527,DB00783,VCAP
P00846,DB00783,VCAP
Q14457,DB00783,VCAP
Q99527,DB00783,HCC515
P00846,DB00783,HCC515
Q14457,DB00783,HCC515
Q99527,DB00783,PC3
P00846,DB00783,PC3
Q14457,DB00783,PC3
P10636,DB00448,MCF7
P10636,DB00448,VCAP
Q99705,DB00502,MCF7
P49674,DB06195,A549
P49674,DB06195,HEPG2
P49674,DB06195,HT29
P49674,DB06195,MCF7
P49674,DB06195,HA1E
P49674,DB06195,HCC515
P49674,DB06195,PC3
P49674,DB06195,VCAP
P49674,DB06195,A375
P49674,DB06195,BT20
P49674,DB06195,HS578T
P49674,DB06195,MDAMB231
P49674,DB06195,SKBR3
P35408,DB00917,ASC
P35408,DB00917,PC3
P35408,DB00917,VCAP
Q8WUI4,DB04297,A375
Q8WUI4,DB04297,A549
Q8WUI4,DB04297,ASC
Q8WUI4,DB04297,HA1E
Q8WUI4,DB04297,HCC515
Q8WUI4,DB04297,HEPG2
Q8WUI4,DB04297,HT29
Q8WUI4,DB04297,MCF7
Q8WUI4,DB04297,NEU
Q8WUI4,DB04297,NPC
Q8WUI4,DB04297,PC3
Q8WUI4,DB04297,PHH
Q8WUI4,DB04297,SKB
Q8WUI4,DB04297,VCAP
P05108,DB00357,HCC515
P05108,DB00357,HEPG2
P05108,DB00357,VCAP
P19099,DB00421,NPC
P19099,DB00421,VCAP
P19099,DB00421,HA1E
P19099,DB00421,MCF7
P25024,DB01009,HA1E
P25024,DB01009,VCAP
P02585,DB01023,PC3
O14649,DB00561,VCAP
Q9NPC2,DB00561,VCAP
Q96RD7,DB01032,MCF7
Q9NYV7,DB01032,MCF7
Q96RD7,DB01032,PC3
Q9NYV7,DB01032,PC3
P35869,DB00338,MCF7
Q8NEB9,DB06836,A375
Q8NEB9,DB06836,A549
Q8NEB9,DB06836,BT20
Q8NEB9,DB06836,HA1E
Q8NEB9,DB06836,HCC515
Q8NEB9,DB06836,HEPG2
Q8NEB9,DB06836,HS578T
Q8NEB9,DB06836,HT29
Q8NEB9,DB06836,MCF10A
Q8NEB9,DB06836,MCF7
Q8NEB9,DB06836,MDAMB231
Q8NEB9,DB06836,PC3
Q8NEB9,DB06836,SKBR3
Q9UNA0,DB03880,AGS
Q9UNA0,DB03880,HT29
Q9UNA0,DB03880,MCF7
Q9UNA0,DB03880,PC3
P63092,DB02587,A549
Q08462,DB02587,A549
O95622,DB02587,A549
P63092,DB02587,ASC
Q08462,DB02587,ASC
O95622,DB02587,ASC
P63092,DB02587,HT29
Q08462,DB02587,HT29
O95622,DB02587,HT29
P63092,DB02587,MCF7
Q08462,DB02587,MCF7
O95622,DB02587,MCF7
P63092,DB02587,SKB
Q08462,DB02587,SKB
O95622,DB02587,SKB
P63092,DB02587,HA1E
Q08462,DB02587,HA1E
O95622,DB02587,HA1E
P63092,DB02587,HCC515
Q08462,DB02587,HCC515
O95622,DB02587,HCC515
P63092,DB02587,PC3
Q08462,DB02587,PC3
O95622,DB02587,PC3
P63092,DB02587,VCAP
Q08462,DB02587,VCAP
O95622,DB02587,VCAP
Q9NZK7,DB00233,MCF7
O15111,DB00233,MCF7
Q13133,DB07080,ASC
Q13133,DB07080,MCF7
Q13133,DB07080,HA1E
Q13133,DB07080,HCC515
P36897,DB03921,MCF7
P36897,DB03921,HA1E
P36897,DB03921,PC3
Q9UGN5,DB07232,HEPG2
Q9UGN5,DB07232,HT115
Q9UGN5,DB07232,MCF7
Q9UGN5,DB07232,NCIH508
Q9UGN5,DB07232,PC3
Q9UGN5,DB07232,THP1
Q9UGN5,DB07232,VCAP
Q9UGN5,DB07232,A549
Q9UGN5,DB07232,HA1E
Q9UGN5,DB07232,HCC515
Q9NQS7,DB07340,A375
Q9NQS7,DB07340,ASC
Q9NQS7,DB07340,HT29
Q9NQS7,DB07340,MCF7
Q9NQS7,DB07340,PC3
Q9NQS7,DB07340,PHH
Q9NQS7,DB07340,SKB
Q9NQS7,DB07340,VCAP
Q15118,DB07403,A549
Q15118,DB07403,HEPG2
Q15118,DB07403,HT29
Q15118,DB07403,MCF7
Q15118,DB07403,PC3
Q15118,DB07403,SW620
Q15118,DB07403,THP1
Q15118,DB07403,U937
P41743,DB03777,A375
P41743,DB03777,A549
P41743,DB03777,HA1E
P41743,DB03777,HT29
P41743,DB03777,MCF7
P41743,DB03777,PC3
P41743,DB03777,VCAP
P41743,DB03777,A673
P41743,DB03777,AGS
P41743,DB03777,EFO27
P41743,DB03777,HCC515
P41743,DB03777,HEC108
P41743,DB03777,HEPG2
P41743,DB03777,LOVO
P41743,DB03777,MDST8
P41743,DB03777,NCIH1694
P41743,DB03777,NCIH2073
P41743,DB03777,NCIH596
P41743,DB03777,PL21
P41743,DB03777,RMUGS
P41743,DB03777,SKM1
P41743,DB03777,SNUC4
P41743,DB03777,SW620
P41743,DB03777,SW948
P41743,DB03777,THP1
P41743,DB03777,U937
P41743,DB03777,WSUDLCL2
Q9Y6M4,DB04751,A375
Q15418,DB04751,A375
Q9Y6M4,DB04751,A549
Q15418,DB04751,A549
Q9Y6M4,DB04751,HA1E
Q15418,DB04751,HA1E
Q9Y6M4,DB04751,HCC515
Q15418,DB04751,HCC515
Q9Y6M4,DB04751,HT29
Q15418,DB04751,HT29
Q9Y6M4,DB04751,MCF7
Q15418,DB04751,MCF7
Q9Y6M4,DB04751,PC3
Q15418,DB04751,PC3
Q9Y6M4,DB04751,VCAP
Q15418,DB04751,VCAP
P16112,DB02255,MCF7
P16112,DB02255,HA1E
P16112,DB02255,HCC515
P16112,DB02255,VCAP
Q15375,DB07970,MCF7
Q15375,DB07970,VCAP
Q15375,DB07970,HA1E
Q15375,DB07970,HCC515
Q15375,DB07970,HEPG2
Q15375,DB07970,PC3
Q96NX5,DB08009,A375
Q96NX5,DB08009,A549
Q96NX5,DB08009,CL34
Q96NX5,DB08009,COV644
Q96NX5,DB08009,H1299
Q96NX5,DB08009,HA1E
Q96NX5,DB08009,HCC515
Q96NX5,DB08009,HCT116
Q96NX5,DB08009,HT29
Q96NX5,DB08009,LOVO
Q96NX5,DB08009,MCF7
Q96NX5,DB08009,NCIH2073
Q96NX5,DB08009,PC3
Q96NX5,DB08009,RMGI
Q96NX5,DB08009,RMUGS
Q96NX5,DB08009,SKMEL28
Q96NX5,DB08009,SNU1040
Q96NX5,DB08009,SNUC4
Q96NX5,DB08009,SW480
Q96NX5,DB08009,TYKNU
Q96NX5,DB08009,VCAP
Q969V6,DB08080,A375
Q8WWL2,DB08080,A375
Q969V6,DB08080,A549
Q8WWL2,DB08080,A549
Q969V6,DB08080,ASC
Q8WWL2,DB08080,ASC
Q969V6,DB08080,HCC515
Q8WWL2,DB08080,HCC515
Q969V6,DB08080,HT29
Q8WWL2,DB08080,HT29
Q969V6,DB08080,MCF7
Q8WWL2,DB08080,MCF7
Q969V6,DB08080,PC3
Q8WWL2,DB08080,PC3
Q969V6,DB08080,PHH
Q8WWL2,DB08080,PHH
Q969V6,DB08080,SKB
Q8WWL2,DB08080,SKB
Q969V6,DB08080,VCAP
Q8WWL2,DB08080,VCAP
Q969V6,DB08080,HA1E
Q8WWL2,DB08080,HA1E
O75116,DB08162,A375
O75116,DB08162,HA1E
P15151,DB03203,A375
P15151,DB03203,A549
P15151,DB03203,HA1E
P15151,DB03203,MCF7
P15151,DB03203,PC3
Q460N3,DB08348,A375
Q460N3,DB08348,HA1E
Q460N3,DB08348,HCC515
Q460N3,DB08348,HT29
Q460N3,DB08348,MCF7
Q460N3,DB08348,SKM1
Q460N3,DB08348,SKMEL28
Q460N3,DB08348,SW620
Q460N3,DB08348,VCAP
Q13555,DB06616,A549
P36507,DB06616,A549
Q9Y2U5,DB06616,A549
Q13555,DB06616,ASC
P36507,DB06616,ASC
Q9Y2U5,DB06616,ASC
Q13555,DB06616,HA1E
P36507,DB06616,HA1E
Q9Y2U5,DB06616,HA1E
Q13555,DB06616,HCC515
P36507,DB06616,HCC515
Q9Y2U5,DB06616,HCC515
Q13555,DB06616,HEPG2
P36507,DB06616,HEPG2
Q9Y2U5,DB06616,HEPG2
Q13555,DB06616,HT29
P36507,DB06616,HT29
Q9Y2U5,DB06616,HT29
Q13555,DB06616,MCF7
P36507,DB06616,MCF7
Q9Y2U5,DB06616,MCF7
Q13555,DB06616,PC3
P36507,DB06616,PC3
Q9Y2U5,DB06616,PC3
Q13555,DB06616,PHH
P36507,DB06616,PHH
Q9Y2U5,DB06616,PHH
Q13555,DB06616,SKB
P36507,DB06616,SKB
Q9Y2U5,DB06616,SKB
Q13555,DB06616,VCAP
P36507,DB06616,VCAP
Q9Y2U5,DB06616,VCAP
Q13555,DB06616,A375
P36507,DB06616,A375
Q9Y2U5,DB06616,A375
P61024,DB00472,A375
P61024,DB00472,A549
P61024,DB00472,MCF7
P61024,DB00472,HEPG2
P61024,DB00472,PC3
P61024,DB00472,VCAP
Q14697,DB00491,VCAP
Q8TET4,DB00491,VCAP
P57059,DB08912,A375
Q8NG66,DB08912,A375
P53667,DB08912,A375
P57059,DB08912,A549
Q8NG66,DB08912,A549
P53667,DB08912,A549
P57059,DB08912,HA1E
Q8NG66,DB08912,HA1E
P53667,DB08912,HA1E
P57059,DB08912,HCC515
Q8NG66,DB08912,HCC515
P53667,DB08912,HCC515
P57059,DB08912,HEPG2
Q8NG66,DB08912,HEPG2
P53667,DB08912,HEPG2
P57059,DB08912,HT29
Q8NG66,DB08912,HT29
P53667,DB08912,HT29
P57059,DB08912,MCF7
Q8NG66,DB08912,MCF7
P53667,DB08912,MCF7
P57059,DB08912,PC3
Q8NG66,DB08912,PC3
P53667,DB08912,PC3
Q15303,DB08916,A549
Q15303,DB08916,ASC
Q15303,DB08916,HA1E
Q15303,DB08916,HCC515
Q15303,DB08916,HEPG2
Q15303,DB08916,HT29
Q15303,DB08916,MCF7
Q15303,DB08916,PC3
Q15303,DB08916,SKB
Q15303,DB08916,VCAP
Q96S37,DB01138,MCF7
P08686,DB01026,MCF7
P08686,DB01026,PC3
P08686,DB01026,VCAP
P50993,DB01092,A375
P13637,DB01092,A375
P50993,DB01092,A549
P13637,DB01092,A549
P50993,DB01092,ASC
P13637,DB01092,ASC
P50993,DB01092,HEPG2
P13637,DB01092,HEPG2
P50993,DB01092,HT29
P13637,DB01092,HT29
P50993,DB01092,MCF7
P13637,DB01092,MCF7
P50993,DB01092,NEU
P13637,DB01092,NEU
P50993,DB01092,NPC
P13637,DB01092,NPC
P50993,DB01092,SKB
P13637,DB01092,SKB
P50993,DB01092,HA1E
P13637,DB01092,HA1E
P50993,DB01092,PC3
P13637,DB01092,PC3
P29973,DB04209,MCF7
P29973,DB04209,PC3
P36956,DB03756,A375
P36956,DB03756,HT29
Q9HC97,DB11156,MCF7
P07288,DB00834,MCF7
P07288,DB00834,VCAP
Q99623,DB06774,A375
Q99623,DB06774,A549
Q99623,DB06774,HA1E
Q99623,DB06774,HCC515
Q99623,DB06774,OV7
Q99623,DB06774,PC3
Q99623,DB06774,VCAP
Q9UJU2,DB00903,MCF7
Q9UJU2,DB00903,VCAP
